DROP TABLE PageOwner;
DROP TABLE User;
DROP TABLE Group;
DROP TABLE Event;
DROP TABLE Post;
DROP TABLE Comment;
DROP TABLE Tag;
DROP TABLE Friends;
DROP TABLE PrivateMessage;
DROP TABLE ContainsTag;
DROP TABLE MemberOF;
DROP TABLE Administers;
DROP TABLE GoingTo;
DROP TABLE Like;

CREATE TABLE PageOwner
        (ownID INTEGER NOT NULL PRIMARY KEY,
         description VARCHAR(200),
         privacy VARCHAR(25) NOT NULL DEFAULT 'public',
         pageID INTEGER UNIQUE NOT NULL,
         CHECK (privacy IN ('public', 'private', 'friends'))
        );


CREATE TABLE User
        (ownID INTEGER NOT NULL PRIMARY KEY,
         username VARCHAR(20) UNIQUE NOT NULL,
         birthday DATE,
         email VARCHAR(100) UNIQUE NOT NULL,
         password VARCHAR(100) NOT NULL,
         FOREIGN KEY (ownID) REFERENCES PageOwner
        );

CREATE TABLE Group
        (ownID INTEGER NOT NULL PRIMARY KEY,
         groupeName VARCHAR(50) NOT NULL,
         creator INTEGER NOT NULL,
         FOREIGN KEY (ownID) REFERENCES PageOwner,
         FOREIGN KEY (creator) REFERENCES User (ownID)
        );

CREATE TABLE Event
        (ownID INTEGER NOT NULL PRIMARY KEY,
         eventName VARCHAR(50) NOT NULL,
         eventDate TIMESTAMP,
         location VARCHAR(100),
         planner INTEGER NOT NULL,
         FOREIGN KEY (ownID) REFERENCES PageOwner,
         FOREIGN KEY (planner) REFERENCES User (ownID)
        );

CREATE TABLE Post
        (pID INTEGER NOT NULL PRIMARY KEY,
         postDate TIMESTAMP NOT NULL,
         message VARCHAR(500) NOT NULL,
         poster INTEGER NOT NULL,
         page INTEGER NOT NULL,
         originalPost INTEGER,
         FOREIGN KEY (poster) REFERENCES User (ownID),
         FOREIGN KEY (page) REFERENCES PageOwner(pageID),
         FOREIGN KEY (originalPost) REFERENCES Post (pID),
         CHECK (NOT pID = originalPost)
        );

CREATE TABLE Comment
        (cID INTEGER NOT NULL PRIMARY KEY,
         postDate TIMESTAMP NOT NULL,
         message VARCHAR(200) NOT NULL,
         post INTEGER NOT NULL,
         poster INTEGER NOT NULL,
         originalComment INTEGER,
         FOREIGN KEY (post) REFERENCES Post(pID),
         FOREIGN KEY (poster) REFERENCES User(ownID),
         FOREIGN KEY (originalComment) REFERENCES Comment(cID),
         CHECK (NOT originalComment = cID)
        );

CREATE TABLE Tag
        (tName VARCHAR(20) NOT NULL PRIMARY KEY);

CREATE TABLE Friends
        (userA INTEGER NOT NULL,
         userB INTEGER NOT NULL,
         sinceWhen DATE NOT NULL,
         PRIMARY KEY (userA, userB),
         FOREIGN KEY (userA) REFERENCES User(ownID),
         FOREIGN KEY (userB) REFERENCES User(ownID),
         CHECK (NOT userA = userB)
        );

CREATE TABLE PrivateMessage
        (pmID INTEGER NOT NULL PRIMARY KEY,
         message VARCHAR(200) NOT NULL,
         sender INTEGER NOT NULL,
         receiver INTEGER NOT NULL,
         dateSent TIMESTAMP NOT NULL,
         dateRead TIMESTAMP,
        --read BOOLEAN,
         FOREIGN KEY (sender) REFERENCES User(ownID),
         FOREIGN KEY (receiver) REFERENCES User(ownID)
--         CHECK (((sender, receiver) in (SELECT userA, userB From firends)) OR ((sender, receiver) in (SELECT userB, userA From firends)))
        );


CREATE TABLE ContainsTag
        (post INTEGER NOT NULL,
         tag VARCHAR(20) NOT NULL,
         PRIMARY KEY (post,tag),
         FOREIGN KEY (post) REFERENCES Post(pID),
         FOREIGN KEY (tag) REFERENCES Tag(tName)
        );

CREATE TABLE MemberOF
        (uid INTEGER NOT NULL,
         gid INTEGER NOT NULL,
         PRIMARY KEY (uid, gid),
         FOREIGN KEY (uid) REFERENCES User(ownID),
         FOREIGN KEY (gid) REFERENCES Group(ownID)
        );

CREATE TABLE Administers
        (uid INTEGER NOT NULL,
         gid INTEGER NOT NULL,
         PRIMARY KEY (uid, gid),
         FOREIGN KEY (uid) REFERENCES User(ownID),
         FOREIGN KEY (gid) REFERENCES Group(ownID)
        );

CREATE TABLE GoingTo
        (uid INTEGER NOT NULL,
         eid INTEGER NOT NULL,
         PRIMARY KEY (uid, eid),
         FOREIGN KEY (uid) REFERENCES User(ownID),
         FOREIGN KEY (eid) REFERENCES Event(ownID)
        );

CREATE TABLE Like
	(uid INTEGER NOT NULL,
	 pid INTEGER NOT NULL,
	 PRIMARY KEY (uid, pid),
      FOREIGN KEY (uid) REFERENCES User(ownID),
      FOREIGN KEY (pid) REFERENCES Post
      );


INSERT INTO Tag VALUES('HashTag1');
INSERT INTO Tag VALUES('HashTag2');
INSERT INTO Tag VALUES('HashTag3');
INSERT INTO Tag VALUES('HashTag4');
INSERT INTO Tag VALUES('HashTag5');

INSERT INTO PageOwner VALUES(209990282, 'MHMTRLG4ZFBR2HQI7WHJRBCCNQ9UXC531X8LNYSAIJRVVXFVCCRKJSXZ9ISH4PDTL7ETZVT0GG944VVH4H51CTVJKYFEFMODYAGZ97S25N1FXOQK1MWHEB72MH5ZQNCNJGM3YX8JG5JZ175U55M8OA', 'public', 683456936);
INSERT INTO User VALUES(209990282, 'KBQEITZEMSJWWZP', DATE('1954-01-01'), 'F7CEOICTA2VKJ3X6Y76CF7E1NS804YOBALT6QVE5QT0YYDKIPSVDC40J5FJW0C3Y3DG4JBCIUG9WMY5H', 'D3VHSIYSH7MCZ2XM3WECC5QB7NOF6706THJ11FG0EG0JB210B5UQFWEHWBWWLAOXEJNANHASXBOJL3H4');

INSERT INTO PageOwner VALUES(739699897, 'QIBNXV4SS9ULFG8TKYJIOU6PPLSX0CIBZEEI0T90J1TWFP2X7DY0A0U2NXS4FLGRH9J2ZL01LP3V7JW3F4NSA23ANTHT8J14F5O8ZRBHRCAQZ7Z2GQWSMFCEQT8VH7PKE0SS7I7N8G08ZRS2XIKHHY', 'public', 1004899603);
INSERT INTO User VALUES(739699897, 'ERVJLUPXNGPPWQK', DATE('1981-01-01'), 'D2TJ5DNBW4ZA7EFZAXCHARSOJSMG13VYKV01J2J7UINL2WY15YOM2NDYCOFLXDLOTF6SW03D79135Q4N', 'VRCCDKWASAIE1OZ9O3MVGFUU83UQB7CMXFN7WMMQTT7YQ4WPCT9EA352D0532HFFPGJ0N2E19ZCLP5OI');

INSERT INTO PageOwner VALUES(599139388, 'WU1G9S8MS2638QROBHGL0PNSA861DHYRHWO8SOPE7TUOX4SKIA96UXBIZJL6EIN5NPIOYWI5GB7W53TAO9K548UFQIZMUSYDNCUPV2OQWKTBW8DJWB5DBPCAOUEDW1IN21JWTLV0YA0Q883CH0YKA6', 'private', 318188117);
INSERT INTO User VALUES(599139388, 'CKHFHAZFXZVRFWC', DATE('1977-01-01'), 'G3JCQVYBC5FWSJ3P6WKZVR5ZAT7S94C89QC3ZHZW5DBRCQSN77VYQNHVP8WKJVADJWXSSU5Z1KAJC2IV', 'A4QME91RL7KEKH68Y1RTSA1RQ879UVM1JA6JYX3C90OBX7KMW5BPPRL0E2P26GMK2E1ZRQ1WUFTB5AQM');

INSERT INTO PageOwner VALUES(854480438, 'Y1YC3WIRUBZ47ICFWXAEMH84CUBUZIR0JJZT6DKII4C7C9YLWFF9LQMQUQQ73J29JCL6CUEM3P37KVI49D8F7VAFG1W2VY6XHIUBLIBVMC0DTYDKWE0D2WQT30LB3QMYEWGHBWBLZAU3954FD8ZQB7', 'private', 171997211);
INSERT INTO User VALUES(854480438, 'KLDPBEQUZJBAMKF', DATE('2010-01-01'), '9JKLKPVB4ZCOPSVKPWOK03XIYAKAYLJBBU6ACDHJJYB01VPIX6N8ZEI0WG11P4YOZP4ZEQR7X8B4PRCU', 'ZG8DJZB0Z1G33KKV40KS6HXWJW47DMQLUSYCS91C0RYNWIIHWKB1Z3EE189IKJNKOB7I5WSVH0QKV6V8');

INSERT INTO PageOwner VALUES(310484255, 'Y9TPYWY46T00GJJA7GN6HRKYFCAHX4UG2XQ5OK99E6KBK70N2ZQBIYK2DYFZVO63C4GR659Z4QLO8XKTJ3EE4Z09FQ4OHSJXGIDI9MACZ95G49WVGAPO5TROA5W6VFET1OXYJOSM4WSYIHZW64OXW1', 'public', 771406140);
INSERT INTO User VALUES(310484255, 'MYYWJDPJDOELHXF', DATE('2009-01-01'), 'V5OHYY363OZ6T5OU7AF4UZO1DC0FQMULHLXBOCAY8AIHMF3MA70E8LOO0Y4A1NYCRBWXV3I7FQGGRBJI', 'YNUM066H9G4H624L39VI0QYF6VO3PW40B2A9Z2O1PQ44JO2SX5J7FMT7HDJVCVK3YM05MKZDV7MUL781');

INSERT INTO PageOwner VALUES(326736162, '5N2CP5U9MACDIP2OG71SV5MKX9W2Z2U3EJOHJZ38NXCBZNF008NAI75TY88EF5AN0XTFBPB6XJ3QH2ROYY6VOQFCJU5E741UYBH1IJBH1PCRQYHWSXM88DV69AK5BQVIWG90EQG7EI5C7OWG9NLOZM', 'friends', 942711679);
INSERT INTO User VALUES(326736162, 'LFIXLRGGOKEIRVY', DATE('1999-01-01'), 'AFUTUCFASHKRM69W2F0680HF3ULSP1SCBAREUU9SDP7IQDY0ROQU852H1XK7DO4YBPFTGLI2AX70H7P5', 'SRZ14DK7WMPJOTJL9Q8BLO0KP9IKP7TB3MD0KY6YNY875GIF8AFAPZ2R0WZQEKPNCD6E2P2I6SAJWWXT');

INSERT INTO PageOwner VALUES(544404605, 'IB4MZV4T2I4SVWYZZ6TPM1NQ6K6I7864VQ1T37DMQ3EBMGQANLLXRABBKTPZ5XWF1HBLA8RWNYMULL5J60OAD1CI6F0TVMDVIUR54VRE3KG6Q9Z20K0IHHL4SG1QRHW68EACAIH0Y4BUIFZODN0BDZ', 'private', 638232742);
INSERT INTO User VALUES(544404605, 'NMRBXOREREUGSFC', DATE('1986-01-01'), '4SRQNZAD7EASJJ6IHVAUJVEFXNQ2V5487FFU2YZ84917EOJZ6UJEJJCYHE7RTW4ZU36WO6CYXV6APE4H', 'X1P8B76HCWCXLVR540AP4WKC47KYS4NB3L2UU1J61ZPXYSPNQP8X3PVJUPJQ9L8H24NLWPF85NSYR6MW');

INSERT INTO PageOwner VALUES(873409324, 'UBCMMK93FQ6S50UYDHDVKR92T904XOFFF6B6VGPBCGTFZI7MRSKLOIIOQ5TJRNFI0LMBW84IRFROAJNA0IJ58C6UOL3U2ORMGW5RW8SNS9ZELYHG7I3J1Q8MLEQ2UY6DWYY9I8JCT270N3NZFG8ZH6', 'friends', 1001940294);
INSERT INTO User VALUES(873409324, 'XUFBGHHDTMNCRGQ', DATE('1962-01-01'), 'N5FMG6IM971ZQ4BWWNCM2N7NAJP34FRSZVTFH5XFOI0PB5SJ7XJH6UUEXMMS71YZCJ2ESJ7M5WJJ1QNH', 'KI281LCT4FXGG5P7CBF3QQ9YKPH7K5PAOJJJLEGRGR3Q0CEJ2DWVQ0YBSPNFJP7N2UAQ079IV8YMTG2R');

INSERT INTO PageOwner VALUES(508739761, 'QTFXJ2BY2DS6137MKARGYQM54Q6ZI5RLANVQGB1TUMV0IHPW42LW110XGF92IGA7Y4PZG0DSKTR7H9VAJAFVV2MPX3Q8K2ZAGAGVNT8H6TFG8SDPHK2KK3QK2B9YBHGTFYNQYO369XL1A0OSW6U43Q', 'public', 585866385);
INSERT INTO User VALUES(508739761, 'YFFHOKUALPTZWJV', DATE('1965-01-01'), 'BG37LMYV9IC5032XAMNE5IF79ZRNF1B84VAMS026SECFWY0YOS5Z9A1S5JZ1ZT49XT0KWC122TEOVOYB', 'VJL5EGLCOLA711LSZ2T8CK4KGH4STTZCRV3EDSO3T9NYE1CCFXASTDACCJK4FIB9IGEEHMG51FH426K8');

INSERT INTO PageOwner VALUES(218767304, 'IX16IF6C9PGYX7U98ZTPFJZXSW6XBAAJQNILH54IRQICLWUMG65JQUMHPWZGRY9WCVOZC08RKQCRFV0AROLQX7HK5ME0SCQABKVLZO9MC8M382VWXHB0XL4OYAM50ZKJ1Y2NQEKATLGJQLZQ70U815', 'public', 257626300);
INSERT INTO User VALUES(218767304, 'ITKIIXJMTQAPUQQ', DATE('1962-01-01'), '1R0CB09FRBB5Y8W947294LBWNT1EOGK3I5U2J5Q5V7OCX6QZ8GTI6IJEVMCB54E7DI3IQFTWI3XCVGGH', 'TTXLA4ZZNF0R515YJ1N1MREI3UXS2VPK3IVO5JG82ULFUKRWHHYUUTVAMTLK9K4PF7QGDYFZ35JJDHJH');

INSERT INTO PageOwner VALUES(867710455, 'GSFGNTZL72RVLZQLKFN7W3FV71T3DIWL5OOEI21GXOHUIMP9U5V46RSBLRM69HT2LHD37798Y0UVOV5J7B4IAF9BIHDUTMEDOLXY7X0NZCOA2A0JMEIURS2V705VR7T28VZVZRAN3TZ1IL4MKMER66', 'private', 397192672);
INSERT INTO GROUP VALUES(867710455, 'VPDPHNFDBQBWXCZXXDSEESGULLDDMPEKSQGTHYTSOTJDE', 544404605);

INSERT INTO PageOwner VALUES(205188629, 'MILRRUK2V8GFZADMV1PV1HVE45TPYDWVKF9R3AKJ9V3EYR3SBZB3HITVTJ52AUJ0BTLKF0628I0VI9XKFFPHM4MBYVQWQ27CT21O4A7ZVNWSKLRMHWYJTQKZBELY0FEP8ENU29GKKD2QN8D5EBDMK5', 'friends', 427943433);
INSERT INTO GROUP VALUES(205188629, 'QJSXSCELRZZATKUJRZHSJASNLCKIYLDJSELBXAUTMANHN', 218767304);

INSERT INTO PageOwner VALUES(998632531, 'SAL38EACFIZYLO9GBCZZSKYBU07M6WPC056DMV3LMNCMHSUVTJL0RDYH5KYO0YI92XC7ON6Z5OF8HJKTBUHI7L80QAXIC6N2R0DPRMVGR5XSDQGWSMVOPMMYH8QKWZB8C81HQM6TFG619WLJHSSL5S', 'private', 516568264);
INSERT INTO GROUP VALUES(998632531, 'CPZGLNIKDZEOULQECYOMYPKTJPEJBNWZCOSFCYDMHJUDN', 218767304);

INSERT INTO PageOwner VALUES(634161011, '8BDZ07XOPKGH8JSW56P1JLVLBVJG6UPG9G475SVFNCZQ6VOVQE2ICG2RVQ2BVUPWXWYMBZ8TZB8HUB1JFID9SMXPFO1USBE3RYNK2AKAKDFXDOO5QTX8U56DPINOGIGC9F132ZA7U7NIT9SZ7D3PZQ', 'friends', 660454882);
INSERT INTO GROUP VALUES(634161011, 'XDKSWIWQIOODSJKWCWNKXAZDWKSDRGSVVAAAJXODQVAPX', 854480438);

INSERT INTO PageOwner VALUES(589151063, '6TQMZ24TVASGVFJY3QWROL933Q4GFL9DQXVXDYVLS4C86TURUEWB2LWSQ5A2KPWOHDY2YCUBA3QNL3GZ9DQGIDAQ17SEV4VQVOD7P27BYUC7MH9PB8UJP5851L2QLCXSVROZADGIVKBC8KJFIJ9L0Y', 'private', 792951637);
INSERT INTO GROUP VALUES(589151063, 'JLYSYAHSALYYLKCSVVLLCNGLSIZEGQFTEQZDKSSRUTDTF', 326736162);

INSERT INTO PageOwner VALUES(548496659, '3Q2LZ0XGUJQLV2FXXRWJ0NMK31PAXIB20GDYSM1AOZ551ZZDTLKUH62KYOIQB3U4W6OTB5IRNXAS1OAOYIQ9MIY4X4IBZ1WTJS5QZP3ML53C0M7S1GTRKJNTIKWNKDGIQSSLDRXG0QV97QG99DBV14', 'public', 491550090);
INSERT INTO GROUP VALUES(548496659, 'DNNVCSIYRLXZEBAEMLZALZKQSZSMRWDDTRGGKURMEBCBU', 326736162);

INSERT INTO PageOwner VALUES(446270946, '0H0NVFGIRPKNY1MNA7R0N6GXVQ6O5NDGQ1GCGUVHSGPTEGZ4JUOIPICD3499P1PNGVLSG22M4Q4M2KNZW1QYKI85HPWRAT2NZOSUBXC1B9BDD0T2VB9YG0RCVCDWHA7G8CN0RGGLHJ9PO4QZND775E', 'private', 279324308);
INSERT INTO GROUP VALUES(446270946, 'MWVOCHHYDENVPNITZGRBRWVMEWPXSZEBJMSPVOTXZNKYU', 508739761);

INSERT INTO PageOwner VALUES(496790376, 'ET86PVTP61RSYUUNGTTMGP08KUN03PR7XZE42GKH7RQAYZMBKD01V1YCR4AFCJ9PKV1I6S5PERJMPIAB2RT7BY3KCKA7ZWFUB36OQYD125KNH87G7N9ZURODURFLG3B4WQ1LC7LK1MT8DDOBXQ3SR7', 'public', 804045443);
INSERT INTO GROUP VALUES(496790376, 'ECUORDXDEFKNGRIXLULIQXAQZCVNVDSWNOZCXDXOUEMXF', 544404605);

INSERT INTO PageOwner VALUES(72963698, 'W1RSJF28UM9CO260I98CMS9NQD6XSYICMTN2SAC119AKGX0ORZ6WJFUNCZYRVM6PC5PNRKL2OCFOZZ1BJSTCNT5YHWF3XOCGW3MTSGAE1M5N59Z74KJA73E0ULFV3M50DKQS8S1A5E4S39X4ETN03W', 'public', 310806094);
INSERT INTO GROUP VALUES(72963698, 'YWPLCIUSGSEVQJUCFXARSXYVWROZRPIFAUNLJNBWBBHNY', 739699897);

INSERT INTO PageOwner VALUES(100196380, 'Y4NHRBL4DEBQJ2KNPO8BD25VJEDDDOZQA5QG9JFXU7M8N96T7PKLWEGS016Q7JHXZHLD09BRUPBDCBOUHFSQ3DG1OQRHI8HXXRXDE0SXRAI5VONE1W8EKLO9FS6YDWN3M36G2MWUVB1GUY1XPIXYY9', 'public', 406713004);
INSERT INTO GROUP VALUES(100196380, 'ZGCZMGFGBKZMUCDZTRTBLEFLONKJYJKNXFOVEVOENRULK', 739699897);

INSERT INTO PageOwner VALUES(64483554, 'JWUNHSXDG29OB34EPENNMWXATRAVDWK0F19J348UAXBF35AP7DGYG0I4TYA8CNKL3L2MA6C645YR3V8GKC254R1OCCUY5PB8MVMJS88L1GQYNEXZJ085GQ1WXZW0QAN3XNFUAY0N1P0UHBNTENTFNK', 'private', 933134904);
INSERT INTO Event VALUES(64483554, 'UKJFHUQPAYEPUTCAJOXIGQREUVKJEFYKMWJLOPNFTOGIY', DATE('2019-10-01'), 'EFIJCF8Z7R7PN0R25WFUH5VMPBRHOXKV1DGJOC8EBHMHZFXHCBMLH4NDB81GQEOETW1LD63CGZMQW4KN', 739699897);

INSERT INTO PageOwner VALUES(132457990, 'V5VDU5X2EF8SS1V3HW208CZ8WAWB461ODT68M8NH6ZH9DQUVD2J6B0Q4R8OSKPM5PPRWMUJEYMNNYK5TFGTNBDWF2ST5YRO9X7GUZXH8J4Y7WR8JIEJFQCO6WY9WG64BM80B0199PGFV08TN53LS78', 'public', 782164955);
INSERT INTO Event VALUES(132457990, 'DXAKYLOERIBCOFZPUJUQEFSCVHQVWFOBDZQLYKNLHDNZX', DATE('2019-1-01'), 'DKKV7QH2LA406TWYQJ9A3FVC8RIP4WSWITY0FAMVKPO2Y0CZ0CK2EQK2759AC5UT3D0M9FIAZ0UANAA7', 739699897);

INSERT INTO PageOwner VALUES(1004350937, 'TBV84H9TGXCLTLV4OYV8AXV2N30U114MK4DMC5AKGK7NHH1M7BKYKH0V6O3DHHM7GG9FFALQ37JTSOURI5KVMPIZ4YDLBSGD1CJNTEMB2Y14NREW51VBCH42M26AQPCOU6RCZXNPMUBGDFOWG8ZRML', 'public', 969906468);
INSERT INTO Event VALUES(1004350937, 'OHSCYQRFWDZKSFCWIWYNJGEDVHUGJIZBDERPIWECDYGTQ', DATE('2019-4-01'), 'Y0CQ65ZT4WN6ISIGQ8JTGEV49GW1UN9427QD9AFZA5VPUEMOPJ82FFU65GT9SH9V8N9S2FYUPSLMLCQ4', 739699897);

INSERT INTO PageOwner VALUES(972154206, 'M55GX18LA0IIYX78MNWO5D03C8UMUKBU5E9ZT8LOB4HN2STSAWRFAB3DJFDQTEEFOCUV3B85ZSBPWWUK0MZDBR8NTJAZQPBCL2JOVTZ6E64ORQCXTQOTV7SRY5HE0MLNRX7220N82VGN4TGBCEO91U', 'friends', 203977309);
INSERT INTO Event VALUES(972154206, 'CPJXPOBJRURPLTPEVRHUBOSHHSHVBJDMKNLESMOENFHBL', DATE('2019-10-01'), 'Y0CQ65ZT4WN6ISIGQ8JTGEV49GW1UN9427QD9AFZA5VPUEMOPJ82FFU65GT9SH9V8N9S2FYUPSLMLCQ4', 739699897);

INSERT INTO PageOwner VALUES(707228147, 'QITCM7SQPF3H85ULT6GANOX8LXVOTM6DYQSYRFDAIO9A8ISLK5C5T9PWHNOJJR74T2SMVNI34K6O1YRNWT3I1Y20NDQ7D4D0LBAQLECRVBTZGY0VNPK2YU28JGS2HIT8P6V0VEX5AHJIQRIPKWV6OP', 'friends', 97527314);
INSERT INTO Event VALUES(707228147, 'QVGRPLFMPPGORMWJHDQXOZNTXIKCDYEUHPRFBOFQXPEAH', DATE('2019-4-01'), 'DKKV7QH2LA406TWYQJ9A3FVC8RIP4WSWITY0FAMVKPO2Y0CZ0CK2EQK2759AC5UT3D0M9FIAZ0UANAA7', 739699897);

INSERT INTO PageOwner VALUES(67881957, 'VW4TVVUFTZE5UW1GHBJ8XPBF9GT1YSU4DPRV0UDFECUIDTQO7U9NNI2YJFQYUVS1VMB1JUEIO7I4TC228J6YFP309U9OCBRZJOO06LJDPGAPHECMPJNV070FXFUYH6UDEDSTCKGXWSK31MPFH0K573', 'friends', 382985496);
INSERT INTO Event VALUES(67881957, 'YAWDAPEGKSBCQQIZEIKNDXMWAXJRWJNTKPWJBAPXEDVBG', DATE('2019-4-01'), 'Y0CQ65ZT4WN6ISIGQ8JTGEV49GW1UN9427QD9AFZA5VPUEMOPJ82FFU65GT9SH9V8N9S2FYUPSLMLCQ4', 739699897);

INSERT INTO PageOwner VALUES(479290271, 'M6S1S340NNANXKTNC9108VNISFIDVDIE7HHDHJYTB2GM69AOKA2QSL6ZUGKH9J4JACTNHQQ25OR913T2O80G0ZMHXPB6EB0WMNV1GC51TRYRYJIBELCUX731MZDW6Y3ZQHLSK98ZQIFT1T1A5N7SMA', 'friends', 660347277);
INSERT INTO Event VALUES(479290271, 'DNXYLXMLXTXMGKABDTQWUUNDNKUHKKWLLEKKCIKZXUIUJ', DATE('2019-10-01'), 'DKKV7QH2LA406TWYQJ9A3FVC8RIP4WSWITY0FAMVKPO2Y0CZ0CK2EQK2759AC5UT3D0M9FIAZ0UANAA7', 739699897);

INSERT INTO PageOwner VALUES(850696284, 'OGOR2ISIRDAPXVH2DRJ5NOVFGQ53T0X8LFHIZRF8S7K40PXRRVLQNGSYZV3GE9PK3MXRCIAX2STVLASKB22H14FC31ORI42FW08T542UTFHGEP12E3B8LJ09VKVKP4ZKGXK3GJVCHTTRLNZ49BRZHT', 'public', 820196455);
INSERT INTO Event VALUES(850696284, 'JJCOWHJPAHZADAKNEJBDZDJOJXENIYLINNSZQJSZPNHWU', DATE('2019-10-01'), 'EFIJCF8Z7R7PN0R25WFUH5VMPBRHOXKV1DGJOC8EBHMHZFXHCBMLH4NDB81GQEOETW1LD63CGZMQW4KN', 739699897);

INSERT INTO PageOwner VALUES(287986947, 'GLIQSRGUHAMEU7CR51HKQMOULCDAMGD5FTM6W1KP69K3YMD715J066ELKUK0X10SNZ006O3FA47CUVU4S7EDESLRPFGMCT1QF6CBIOF1IWENO4F7O63K3XPIHT56DZN13IYC9A6P8XBIF7GOKYXNE0', 'private', 308930329);
INSERT INTO Event VALUES(287986947, 'WHPTNJLFXXIJWMLHHWGNVUEMJYGFBKVKVTVBJGPEUBWFR', DATE('2019-7-01'), 'EFIJCF8Z7R7PN0R25WFUH5VMPBRHOXKV1DGJOC8EBHMHZFXHCBMLH4NDB81GQEOETW1LD63CGZMQW4KN', 739699897);

INSERT INTO PageOwner VALUES(909932747, 'O7IL47JBCZIDMYN4AZ78HQ3DU4D5IIW3UDFMAF0RNHVPV49Z9MOZE55B2MAMOT7KF5ZZLBDEG5GENZURD6478UGVQBRDCZWA4WLPL6KR23INRLHOIFR24WAJMWPCBQLC2QWGYRUZVYWUM7T5MDCRWK', 'friends', 1017959248);
INSERT INTO Event VALUES(909932747, 'JMHAZEYRIFMJTVIAXLDSLVKQWKWTHXXQHIAQFKWQXGTIL', DATE('2019-10-01'), 'EFIJCF8Z7R7PN0R25WFUH5VMPBRHOXKV1DGJOC8EBHMHZFXHCBMLH4NDB81GQEOETW1LD63CGZMQW4KN', 739699897);

INSERT INTO Friends VALUES(310484255, 218767304, DATE('2008-6-18'));
INSERT INTO Friends VALUES(854480438, 310484255, DATE('2000-6-17'));
INSERT INTO Friends VALUES(599139388, 544404605, DATE('2000-3-12'));
INSERT INTO Friends VALUES(599139388, 873409324, DATE('2015-2-20'));
INSERT INTO Friends VALUES(854480438, 873409324, DATE('2007-7-22'));
INSERT INTO Friends VALUES(854480438, 326736162, DATE('2007-5-2'));
INSERT INTO Friends VALUES(599139388, 310484255, DATE('2000-10-27'));
INSERT INTO Friends VALUES(739699897, 873409324, DATE('2011-9-19'));
INSERT INTO Friends VALUES(508739761, 218767304, DATE('2008-6-1'));
INSERT INTO Friends VALUES(209990282, 873409324, DATE('2016-10-1'));
INSERT INTO Friends VALUES(599139388, 854480438, DATE('2012-4-15'));
INSERT INTO Friends VALUES(209990282, 544404605, DATE('2015-5-5'));
INSERT INTO Friends VALUES(544404605, 218767304, DATE('2012-1-7'));
INSERT INTO Friends VALUES(854480438, 218767304, DATE('2007-7-25'));
INSERT INTO Friends VALUES(310484255, 544404605, DATE('2002-2-22'));
INSERT INTO Friends VALUES(544404605, 508739761, DATE('2009-2-11'));
INSERT INTO Friends VALUES(209990282, 326736162, DATE('2004-7-4'));
INSERT INTO Friends VALUES(326736162, 873409324, DATE('2003-4-4'));
INSERT INTO Friends VALUES(739699897, 508739761, DATE('2005-4-7'));
INSERT INTO Friends VALUES(310484255, 326736162, DATE('2017-6-3'));
INSERT INTO Friends VALUES(209990282, 854480438, DATE('2016-4-22'));
INSERT INTO Friends VALUES(209990282, 218767304, DATE('2008-4-17'));
INSERT INTO Friends VALUES(326736162, 544404605, DATE('2006-5-26'));
INSERT INTO Friends VALUES(310484255, 508739761, DATE('2002-4-27'));
INSERT INTO Friends VALUES(209990282, 310484255, DATE('2015-4-3'));

INSERT INTO ADMINISTERS VALUES(209990282,100196380);
INSERT INTO MEMBEROF VALUES(209990282,100196380);
INSERT INTO GOINGTO VALUES(209990282,909932747);
INSERT INTO MEMBEROF VALUES(209990282,548496659);
INSERT INTO GOINGTO VALUES(209990282,707228147);
INSERT INTO MEMBEROF VALUES(209990282,867710455);
INSERT INTO GOINGTO VALUES(209990282,1004350937);
INSERT INTO ADMINISTERS VALUES(739699897,634161011);
INSERT INTO MEMBEROF VALUES(739699897,634161011);
INSERT INTO GOINGTO VALUES(739699897,909932747);
INSERT INTO MEMBEROF VALUES(739699897,867710455);
INSERT INTO GOINGTO VALUES(739699897,287986947);
INSERT INTO MEMBEROF VALUES(739699897,496790376);
INSERT INTO GOINGTO VALUES(739699897,67881957);
INSERT INTO ADMINISTERS VALUES(599139388,100196380);
INSERT INTO MEMBEROF VALUES(599139388,100196380);
INSERT INTO GOINGTO VALUES(599139388,1004350937);
INSERT INTO MEMBEROF VALUES(599139388,634161011);
INSERT INTO GOINGTO VALUES(599139388,67881957);
INSERT INTO MEMBEROF VALUES(599139388,446270946);
INSERT INTO GOINGTO VALUES(599139388,909932747);
INSERT INTO ADMINISTERS VALUES(854480438,496790376);
INSERT INTO MEMBEROF VALUES(854480438,496790376);
INSERT INTO GOINGTO VALUES(854480438,850696284);
INSERT INTO MEMBEROF VALUES(854480438,205188629);
INSERT INTO GOINGTO VALUES(854480438,67881957);
INSERT INTO MEMBEROF VALUES(854480438,634161011);
INSERT INTO GOINGTO VALUES(854480438,909932747);
INSERT INTO ADMINISTERS VALUES(310484255,100196380);
INSERT INTO MEMBEROF VALUES(310484255,100196380);
INSERT INTO GOINGTO VALUES(310484255,1004350937);
INSERT INTO MEMBEROF VALUES(310484255,446270946);
INSERT INTO GOINGTO VALUES(310484255,64483554);
INSERT INTO MEMBEROF VALUES(310484255,589151063);
INSERT INTO GOINGTO VALUES(310484255,850696284);
INSERT INTO ADMINISTERS VALUES(326736162,589151063);
INSERT INTO MEMBEROF VALUES(326736162,589151063);
INSERT INTO GOINGTO VALUES(326736162,909932747);
INSERT INTO MEMBEROF VALUES(326736162,867710455);
INSERT INTO GOINGTO VALUES(326736162,64483554);
INSERT INTO MEMBEROF VALUES(326736162,205188629);
INSERT INTO GOINGTO VALUES(326736162,67881957);
INSERT INTO ADMINISTERS VALUES(544404605,72963698);
INSERT INTO MEMBEROF VALUES(544404605,72963698);
INSERT INTO GOINGTO VALUES(544404605,909932747);
INSERT INTO MEMBEROF VALUES(544404605,496790376);
INSERT INTO GOINGTO VALUES(544404605,850696284);
INSERT INTO MEMBEROF VALUES(544404605,446270946);
INSERT INTO GOINGTO VALUES(544404605,132457990);
INSERT INTO ADMINISTERS VALUES(873409324,634161011);
INSERT INTO MEMBEROF VALUES(873409324,634161011);
INSERT INTO GOINGTO VALUES(873409324,479290271);
INSERT INTO MEMBEROF VALUES(873409324,867710455);
INSERT INTO GOINGTO VALUES(873409324,707228147);
INSERT INTO MEMBEROF VALUES(873409324,548496659);
INSERT INTO GOINGTO VALUES(873409324,67881957);
INSERT INTO ADMINISTERS VALUES(508739761,72963698);
INSERT INTO MEMBEROF VALUES(508739761,72963698);
INSERT INTO GOINGTO VALUES(508739761,67881957);
INSERT INTO MEMBEROF VALUES(508739761,548496659);
INSERT INTO GOINGTO VALUES(508739761,1004350937);
INSERT INTO MEMBEROF VALUES(508739761,998632531);
INSERT INTO GOINGTO VALUES(508739761,132457990);
INSERT INTO ADMINISTERS VALUES(218767304,548496659);
INSERT INTO MEMBEROF VALUES(218767304,548496659);
INSERT INTO GOINGTO VALUES(218767304,67881957);
INSERT INTO MEMBEROF VALUES(218767304,205188629);
INSERT INTO GOINGTO VALUES(218767304,479290271);
INSERT INTO MEMBEROF VALUES(218767304,589151063);
INSERT INTO GOINGTO VALUES(218767304,132457990);

INSERT INTO Post VALUES(673664208, TimeStamp('2018-03-27-12.32.00'), 'SQWKDHM4FUOQ2K1N9793L5I449X6CNKEUY5Z7ZCUJKQKK3GWO8ZUI727GZYSV2UY3GI542LNLHWI7L92OO904LC7RS6GB5R1CQ4C #HashTag4 #HashTag3 #HashTag5', 873409324, 660454882, NULL);
INSERT INTO ContainsTag VALUES (673664208, 'HashTag4');
INSERT INTO ContainsTag VALUES (673664208, 'HashTag3');
INSERT INTO ContainsTag VALUES (673664208, 'HashTag5');
INSERT INTO Post VALUES(591785400, TimeStamp('2019-01-03-02.14.00'), 'MNRU8L8ZOP6FBXALTZ4DJXHTJY054UKPWUK0YVU80J2FTYMB72OTAASADP6VXWF6RBIDE9VERJWPA18V1ZY3H7A2QHWE5V7ZYG8A #HashTag4', 544404605, 427943433, NULL);
INSERT INTO ContainsTag VALUES (591785400, 'HashTag4');
INSERT INTO Post VALUES(123516645, TimeStamp('2019-03-12-05.50.00'), '3S4UTGXL5C31RXMAXP7HNYTKB0X3L0SM9RWUY0HYNCN5V6O9P54PHIJRUIC6YKY3CQ3XTY17E04TPB0S24YVWIWT3J7NTF3IQHKX #HashTag5 #HashTag1 #HashTag3', 218767304, 942711679, NULL);
INSERT INTO ContainsTag VALUES (123516645, 'HashTag5');
INSERT INTO ContainsTag VALUES (123516645, 'HashTag1');
INSERT INTO ContainsTag VALUES (123516645, 'HashTag3');
INSERT INTO Post VALUES(900548354, TimeStamp('2006-05-01-20.37.00'), 'WAUVGMF8YCYSPI9GW9NM70K1BRQFA2SRXC0CCMAJFM6Z0UGGPUFLL8P57F16O6VR6Y2GA0FWS8DDXLGPW7CV9POUFFDGU5YZ5VWC #HashTag4', 739699897, 804045443, NULL);
INSERT INTO ContainsTag VALUES (900548354, 'HashTag4');
INSERT INTO Post VALUES(734757462, TimeStamp('2001-08-14-19.11.00'), 'W33PWAO8EPFL02PTGA5DBJD4IM1JCNK9BNEJ8AMZ94A37ZRB2L5MEM3BUYHZLY81TL09R7H0FWA84SY25W466PBXOPTQ11RSIBPI #HashTag2 #HashTag4 #HashTag5', 209990282, 406713004, NULL);
INSERT INTO ContainsTag VALUES (734757462, 'HashTag2');
INSERT INTO ContainsTag VALUES (734757462, 'HashTag4');
INSERT INTO ContainsTag VALUES (734757462, 'HashTag5');
INSERT INTO Post VALUES(1012946814, TimeStamp('2001-01-23-23.39.00'), 'GOE8PJ1TJNQ3SRJQO90NPC6IRXOQOB7E5R8NBWY029X1QR8SVSAAXHYW54X9JKBZPGIMTR3QOTD7JOWVM4H5QMZ0C1DYE3NUBJ26 #HashTag4 #HashTag1 #HashTag5', 599139388, 382985496, 673664208);
INSERT INTO ContainsTag VALUES (1012946814, 'HashTag4');
INSERT INTO ContainsTag VALUES (1012946814, 'HashTag1');
INSERT INTO ContainsTag VALUES (1012946814, 'HashTag5');
INSERT INTO Post VALUES(98193985, TimeStamp('2002-09-01-00.57.00'), '8UEXCN49EMTTBO5LPWDD2U8YCC7BL9EP5996PDO2AICK2P4GU812PPERY4ZLSSQANOO3AFZUE5AX25DRRML9QQ6FG0Y7EWQQ1220 #HashTag4 #HashTag3 #HashTag1', 599139388, 1017959248, NULL);
INSERT INTO ContainsTag VALUES (98193985, 'HashTag4');
INSERT INTO ContainsTag VALUES (98193985, 'HashTag3');
INSERT INTO ContainsTag VALUES (98193985, 'HashTag1');
INSERT INTO Post VALUES(899762337, TimeStamp('2000-06-06-12.55.00'), '7TCUABAPXMENCNLW98R0G5J1AWL4VAARN79LZ45MOX4X817S1QS5GDARY7ZMDY7BU5PX8VDCO205RSFBQFGP8UOK50HWDFJHGY5Y #HashTag3', 873409324, 1017959248, 900548354);
INSERT INTO ContainsTag VALUES (899762337, 'HashTag3');
INSERT INTO Post VALUES(663614670, TimeStamp('2010-11-19-20.15.00'), 'KY6SRGY7WFQXN1WFA4BPESHQ1DQGYN8XNJ3E8YH6L7H2NLUKAT10CM9E5LO33AZHQNYMFGHZNTAHX7OBYCIGIE2XNKRF0USU9HPM #HashTag4 #HashTag2 #HashTag3', 739699897, 203977309, 734757462);
INSERT INTO ContainsTag VALUES (663614670, 'HashTag4');
INSERT INTO ContainsTag VALUES (663614670, 'HashTag2');
INSERT INTO ContainsTag VALUES (663614670, 'HashTag3');
INSERT INTO Post VALUES(935130134, TimeStamp('2009-07-02-20.03.00'), 'ZZRBZGAHBSCBY99J5GFD0NPPAEGNN2X8VWA1YY40UJANNZZI5R98C0UMB0ULHPUZUULMPYGY9PTALTXU6V02LWFPXXMCU6GXQBFR #HashTag4', 310484255, 820196455, NULL);
INSERT INTO ContainsTag VALUES (935130134, 'HashTag4');
INSERT INTO Post VALUES(157321669, TimeStamp('2017-02-20-04.37.00'), 'HE8PDI9VGEILWIQ74RP8ASNWMY5UQAJQOTTIPUJ9FG5VFOSKCRABFTQU10I7H02WT4G21H1GT2QKZI0MIK7FOMXTS356CVRS195B #HashTag4 #HashTag1', 854480438, 203977309, NULL);
INSERT INTO ContainsTag VALUES (157321669, 'HashTag4');
INSERT INTO ContainsTag VALUES (157321669, 'HashTag1');
INSERT INTO Post VALUES(516089506, TimeStamp('2009-11-17-20.14.00'), 'B0F7OFQGYYH2FARKW5PNSWMJJ5N5LJURAJQE268P1P28DXG1RE5WMFLEB1HVUHKVT7H8IV0LJCVTMPS2A7Q8HANL0BI2Z263U724', 310484255, 318188117, 900548354);
INSERT INTO Post VALUES(170574061, TimeStamp('2002-06-28-02.24.00'), 'Z0MV5CU6ITSAIDK9RUZQZOMV4ULBRJRO6ZH03200FANTAOILYKM17CLBCIRRR0MEFBTN87BU7E8UO8E244923PG89DCD104NBUA1 #HashTag4', 218767304, 660347277, 591785400);
INSERT INTO ContainsTag VALUES (170574061, 'HashTag4');
INSERT INTO Post VALUES(596038220, TimeStamp('2019-07-05-22.18.00'), 'MBL19OXDJZ3ZGYTDROJYLUO6DXZ0BPEXK58G8G47X4BK7L2N5I1T6D3KM5EIYGO05TT7HE21YMIWEBQOUFJO60DSAE1EY799CEHM', 544404605, 203977309, NULL);
INSERT INTO Post VALUES(83177513, TimeStamp('2012-06-19-22.24.00'), 'A58TX4DQASSPLTO9GMO20HA6IKGLY99M24MOETID1RS79R94ZQ9VYEG4EIVXE0RZLT6TD7T7J4M1CNSRE2KRFUDKL1VVAEJXW1BX', 218767304, 310806094, 935130134);
INSERT INTO Post VALUES(734573976, TimeStamp('2004-08-04-23.51.00'), '92I2Y49T5N1UB50JSUNHMI0C5VRV4GABXR0OYOEGRBZSXZLXYH91VQVGL2PMG2KALWDTPKF8U4FUBCUHG04YWRCPRM9A75A6BAEL #HashTag4 #HashTag5', 508739761, 171997211, NULL);
INSERT INTO ContainsTag VALUES (734573976, 'HashTag4');
INSERT INTO ContainsTag VALUES (734573976, 'HashTag5');
INSERT INTO Post VALUES(867406788, TimeStamp('2005-09-26-23.47.00'), '3LX3KE3B3YFD3FHJ2KCHC1XVHX05GDMHL3A508IBIZHH68OPBHFCUMXHUIUOD785GIU4J6L5WICKRWVPR0SUB4SJQMB5T4AGXP9P #HashTag2 #HashTag4 #HashTag1', 599139388, 820196455, 900548354);
INSERT INTO ContainsTag VALUES (867406788, 'HashTag2');
INSERT INTO ContainsTag VALUES (867406788, 'HashTag4');
INSERT INTO ContainsTag VALUES (867406788, 'HashTag1');
INSERT INTO Post VALUES(607625708, TimeStamp('2005-09-28-04.36.00'), '30Y0O9FF1UT500WZ4ZPCHSU7DUTU5EICGZPASOTGY0REAOS9BE6RJONPSEFO3EB5IW1YV3IAM1NER7HT3YMYPG0DEUVTKIBPFSCO #HashTag4', 218767304, 660454882, NULL);
INSERT INTO ContainsTag VALUES (607625708, 'HashTag4');
INSERT INTO Post VALUES(714860593, TimeStamp('2003-08-20-02.42.00'), 'Y4DGK40QN0TKFG3BSKIYJOHYJMK5XGBYB0RQU689FNWEWCP6ZFE6ETCYB6Z0GWN5LCEM9I9R2OLZ4HRR0E96YXGGJSO2MN5MMMR1 #HashTag5 #HashTag2', 310484255, 310806094, 734757462);
INSERT INTO ContainsTag VALUES (714860593, 'HashTag5');
INSERT INTO ContainsTag VALUES (714860593, 'HashTag2');
INSERT INTO Post VALUES(1044985379, TimeStamp('2007-01-21-10.04.00'), '4ZL3CC2OO8OZAP4N686YW75FC5PHM63ITH89DVCRIE6UY73SEG4WNBG6Y7MV13VRZ4F19QMMIJX5W3QTD2UWPWBINEW1KMFYUQWL #HashTag1 #HashTag2 #HashTag5', 209990282, 491550090, 899762337);
INSERT INTO ContainsTag VALUES (1044985379, 'HashTag1');
INSERT INTO ContainsTag VALUES (1044985379, 'HashTag2');
INSERT INTO ContainsTag VALUES (1044985379, 'HashTag5');
INSERT INTO Post VALUES(483551525, TimeStamp('2014-12-11-11.27.00'), '9WUOERTIANVS3IKH66FJY0ZC3TYGLN9WZI7SX071QVB0CS30PIHPZIQ74MRTNO6XPCTT58S9Z0WHAIWGFNR15C0AXF3SMV3Z5AQX', 873409324, 397192672, NULL);
INSERT INTO Post VALUES(429119516, TimeStamp('2018-04-20-02.12.00'), 'VQAO401V7I5IE7QMWUSF08F60OQKIPLGOSQC9G0SUGEZE8KB4OL11SY15FISEH22S3U9PQK4A1GKOB548XW63UROC8VFK2UI813F #HashTag4', 599139388, 318188117, NULL);
INSERT INTO ContainsTag VALUES (429119516, 'HashTag4');
INSERT INTO Post VALUES(921009118, TimeStamp('2008-08-02-17.21.00'), '60C6SRAIQJS225TA5HILHDP0CMYME6NS868NZJFH1PTAG35W0DCM6H8CJXVMBNRJGJWHBAFRR14UJXG6NN9LISJJSDMNLYQT9OCJ #HashTag2', 544404605, 683456936, NULL);
INSERT INTO ContainsTag VALUES (921009118, 'HashTag2');
INSERT INTO Post VALUES(982812860, TimeStamp('2002-07-04-22.56.00'), '9CX0PHG93IJ913R9DVZVMWW804N3XZZMJZOPMTAD193GVCSNMOFR8BEDITZG1O3CL7TLQPB9X2BHDVG6X5YYQRYMA5IZRT7RIY6E', 326736162, 491550090, 900548354);
INSERT INTO Post VALUES(966880437, TimeStamp('2017-03-22-19.34.00'), 'JKWVB54MELO0J5BZKN7EZD9BK64TS994HBBMWDL72E7UU6WVRX29N1CVX0GMI492T9W8LCOSVF3I16FME6LERZN67FUHAKJAIJLS #HashTag2', 218767304, 308930329, NULL);
INSERT INTO ContainsTag VALUES (966880437, 'HashTag2');
INSERT INTO Post VALUES(87385746, TimeStamp('2019-03-11-10.26.00'), '67LU7SJZ3HLQKX2TPC2YATM6FPWOLQFVKFGE9ENZP9XGF6V8V1YO3CEEB2WHSHEJMO8C5HMM3PJNPMLNFPK3H8T3WJLKQQS8TOJL', 209990282, 792951637, 429119516);
INSERT INTO Post VALUES(271968051, TimeStamp('2003-06-12-13.12.00'), 'FRMK95E33SCZWBROMFPJY2HEYT9Q8515LO4DGUKH1E4JZLD7O6LF0LKVRW1OSL71FPLM7USB0NSU4LP6BF981DRUCB4ZZO0XJ0TX #HashTag1 #HashTag3', 599139388, 203977309, NULL);
INSERT INTO ContainsTag VALUES (271968051, 'HashTag1');
INSERT INTO ContainsTag VALUES (271968051, 'HashTag3');
INSERT INTO Post VALUES(779937431, TimeStamp('2019-09-08-21.24.00'), 'CGNJYKNH5PMZLAY6DBG4L3BLQ46R7NW06EF7F1X77ODE2Y46TTLICJKSCUZ1KCK1EV84V7KJA5LPAUM586SMENQNI8AQG41U6MB6 #HashTag3 #HashTag1', 310484255, 969906468, 867406788);
INSERT INTO ContainsTag VALUES (779937431, 'HashTag3');
INSERT INTO ContainsTag VALUES (779937431, 'HashTag1');
INSERT INTO Post VALUES(839245204, TimeStamp('2002-03-08-07.09.00'), 'U7YOZ1UWPSSXKBEZ2OPVHJXLXOZPP5C1DV6DXGRAAS23NDXZ9YGH1FOJ9YNBREISRKCEYPENY2BBYQNEG8QG31UN8YVC1A166ADA #HashTag3', 854480438, 683456936, 429119516);
INSERT INTO ContainsTag VALUES (839245204, 'HashTag3');
INSERT INTO Post VALUES(478739691, TimeStamp('2013-10-25-07.19.00'), '9X5ZXABERS17K20ZTQBQXLVV3W291L5WSLM4L0BA4KP8P24ZI0E7B8XQ76VK1VPF2BGXCUZGKF091H1YLZE1U0JUOY6ZMGMUA5Y0 #HashTag5 #HashTag4 #HashTag2', 599139388, 792951637, NULL);
INSERT INTO ContainsTag VALUES (478739691, 'HashTag5');
INSERT INTO ContainsTag VALUES (478739691, 'HashTag4');
INSERT INTO ContainsTag VALUES (478739691, 'HashTag2');
INSERT INTO Post VALUES(570518498, TimeStamp('2005-11-19-17.47.00'), 'OLEYL4LNTYJKDKMHESW3L6F2N1ZYI7YGLO51YBQK084LH86Q271TIS8ZYBS7C6QOD38FXC7KOP1UQCP7TEPULZUEQTUF8UB8S33G #HashTag4 #HashTag1 #HashTag5', 599139388, 660454882, 839245204);
INSERT INTO ContainsTag VALUES (570518498, 'HashTag4');
INSERT INTO ContainsTag VALUES (570518498, 'HashTag1');
INSERT INTO ContainsTag VALUES (570518498, 'HashTag5');
INSERT INTO Post VALUES(243068417, TimeStamp('2000-04-13-13.40.00'), '8AW786YJ4DNYRL14C35FB7WKVV3XIZ0JD0UD6492JGJZHWOAXBG68X6WC81RX1GGKWW0H1H9ETK7YJ0OSLH7T6CZ1HOKWFJP5V92 #HashTag4 #HashTag3', 873409324, 683456936, NULL);
INSERT INTO ContainsTag VALUES (243068417, 'HashTag4');
INSERT INTO ContainsTag VALUES (243068417, 'HashTag3');
INSERT INTO Post VALUES(571354003, TimeStamp('2018-05-14-19.05.00'), 'XPOZS1WVD22LUPQUZWQQ474V0GBBTON9JLG57V0XWX43TXC0BC6UN96I0ZJZTJIMJMZ87AGR40SPKJCXXTQEAUHCDNIOZFR9J0C6 #HashTag2', 873409324, 683456936, 429119516);
INSERT INTO ContainsTag VALUES (571354003, 'HashTag2');
INSERT INTO Post VALUES(937650378, TimeStamp('2010-11-23-20.51.00'), '3UV6A97MPYKIZCDZQ3PD002DYN00B5OIFEEWECF9LTJ4PNOUXEQ65HHHZPT7LR41N52YAJX9RGOBQLTLMWSCF36DAF8AOIBWKAHX', 508739761, 382985496, NULL);
INSERT INTO Post VALUES(720778422, TimeStamp('2007-01-25-20.47.00'), 'BT54DC18X0LFM7N5L8HG2JBJMQTO4USJEYA75ODCZF56V3XUNCBNVUO93VVKJJVNYW1XXVAACY6Y69KPPSNHA43QZQ011WF7CQQF #HashTag5 #HashTag4 #HashTag2', 508739761, 804045443, NULL);
INSERT INTO ContainsTag VALUES (720778422, 'HashTag5');
INSERT INTO ContainsTag VALUES (720778422, 'HashTag4');
INSERT INTO ContainsTag VALUES (720778422, 'HashTag2');
INSERT INTO Post VALUES(926688254, TimeStamp('2018-04-03-15.47.00'), 'FT5KKUSVTMOZJOHAEFFL5QCI0IFTQ4MFHYGRJ8M0PNG3NN9EZ0FX7EZBKIFBY509UJMFY4VYHTXBKHBQ9UH8PG345OA8PSVOVZHM #HashTag5', 508739761, 820196455, NULL);
INSERT INTO ContainsTag VALUES (926688254, 'HashTag5');
INSERT INTO Post VALUES(875982679, TimeStamp('2018-02-14-14.01.00'), 'IAL8H63U2QBO0VSQ937P11QYVMGO3JCOP09N0EA0Z4K1JLLFGD6R9MDSCRBSLT1QASO3K3CY95HRVC4T9BLHN3MIT60DLR5C517T', 218767304, 585866385, 571354003);
INSERT INTO Post VALUES(382063710, TimeStamp('2016-07-06-19.28.00'), 'VX98XXXUJEAZB2O61YSZPU3B3TGA28ZURBZH7ZWA2VF69ARF95B89OOX28DADQY0Z7NTBOK3W4NZVGNDD2OGVKJ5Q9XAHP3132CY', 873409324, 406713004, 483551525);
INSERT INTO Post VALUES(880228380, TimeStamp('2004-03-06-22.22.00'), '1NG0T0NBPGBW3MUAQIJSDNRDSQEFY085XRGKTAK9Z7P1K0JH2W89TKADZ0UQ2WHVYMMXAXW6MPWJ8YFZ5MZ50RCL0H0OLZX5BK58 #HashTag1 #HashTag3', 854480438, 1004899603, NULL);
INSERT INTO ContainsTag VALUES (880228380, 'HashTag1');
INSERT INTO ContainsTag VALUES (880228380, 'HashTag3');
INSERT INTO Post VALUES(628981053, TimeStamp('2001-07-09-18.23.00'), '8EUF87C6YFZ27NXB6Z6276YMCPDSS7Y3V0YH03S4NARZ8N1EUZ49AZ2OAK878P7N5S64PGM69OXN638XTIFT9QSZH431X6EZQHQC #HashTag5 #HashTag1', 739699897, 1001940294, 966880437);
INSERT INTO ContainsTag VALUES (628981053, 'HashTag5');
INSERT INTO ContainsTag VALUES (628981053, 'HashTag1');
INSERT INTO Post VALUES(434533947, TimeStamp('2011-08-09-11.49.00'), 'I5KSJBRY8IC7YZ9BMVWYYURO5UTULAAQKCHYLK5HSMRIWN8IODOYDQ24UX449GTGQCH8DDE3U47V4S2UB0ZDI4NS8QM4WW50L99G #HashTag4 #HashTag1 #HashTag3', 854480438, 585866385, NULL);
INSERT INTO ContainsTag VALUES (434533947, 'HashTag4');
INSERT INTO ContainsTag VALUES (434533947, 'HashTag1');
INSERT INTO ContainsTag VALUES (434533947, 'HashTag3');
INSERT INTO Post VALUES(452059189, TimeStamp('2003-07-19-20.14.00'), '38OQBT0YWTAOQZNEWAI2UA79FDRY2Y82JHA0VN9RX6U26LD3TOUN4U4CV5WQT2U87GF9IQ4RFELMVLN9QYM7FQ3C7ULJ83MP0BLK #HashTag1 #HashTag5', 508739761, 585866385, 673664208);
INSERT INTO ContainsTag VALUES (452059189, 'HashTag1');
INSERT INTO ContainsTag VALUES (452059189, 'HashTag5');
INSERT INTO Post VALUES(74407124, TimeStamp('2005-04-07-01.40.00'), 'Q650B6HWPKPEE2XCXK1JMM47T65B57Y9S0MSFYTBDGBGJBSLDO6J3DXT3P6WYU4EPE3CMQGZW7ZSXG97CFO5A0NORWCUHBWK6NUT', 854480438, 279324308, NULL);
INSERT INTO Post VALUES(1070474400, TimeStamp('2003-09-15-08.47.00'), '8UQPC3V03K59GPV7VX0V88E78TIXP5IRFJUFR8CA3EDW8C087RB4OF8AMVXK7JYC2H3UDKSK7MPZJMV3CKX0HH0X39UGWC3XS6IS', 544404605, 171997211, NULL);
INSERT INTO Post VALUES(194071900, TimeStamp('2018-03-04-21.44.00'), 'MLP0TTA3DM33BFI6X0RK6DUUTJSK8WKO5B2KQZB60EKZFHM0QJR5LZMSZ6MBE3XNZ1CFX8M6NX3O5EMXXY2P7J6GY1TW269ORXXN', 326736162, 406713004, 734757462);
INSERT INTO Post VALUES(551830927, TimeStamp('2006-02-02-13.33.00'), 'W0L7KRBP64AZF9POY3PKWJJVKY9WWUZK2YI3VLDC2QPHA45OPIMS9DYD9730PFWUPM93FGDK99U7413JETR2J9IVS9Y64U282L20', 544404605, 406713004, 880228380);
INSERT INTO Post VALUES(47187981, TimeStamp('2006-11-07-04.15.00'), '936XLO0YUM60GMXQ8YAND4VTWJ1R09KL0D3OTTINHZME1ROT86YLB461F2K86J10A8ASVUUFPQWQKKOJS502JDXDVGNBJTDP7AHD #HashTag1', 873409324, 406713004, NULL);
INSERT INTO ContainsTag VALUES (47187981, 'HashTag1');
INSERT INTO Post VALUES(299544511, TimeStamp('2009-05-07-11.32.00'), 'GWCVFBVSQ4LL6Q2GE3WSITVFTWVYDKKYCSD0VN1QNK3PU0DAO04PVPVQTYTJH91BZT6GE8PKVXA13HK3CO8P6K5XFRL4GH8882J7 #HashTag5 #HashTag3', 218767304, 804045443, 899762337);
INSERT INTO ContainsTag VALUES (299544511, 'HashTag5');
INSERT INTO ContainsTag VALUES (299544511, 'HashTag3');
INSERT INTO Post VALUES(271021583, TimeStamp('2011-08-08-13.28.00'), '7CCL0K60KZEROJN3L5OCNCRC9DX9M27NHWSMPKG0W3TSJDA8E1X3D0SZKM2CGI9S5W2TEO8YYVRZI03ZSPTMCKBWY9JN8ZMAGGMH', 544404605, 585866385, NULL);
INSERT INTO Post VALUES(300611535, TimeStamp('2004-03-20-07.22.00'), '492W2XISPX6A4NLZG8CEGSV9W8F0GK95RNXH1CH25K0FRSBKV8VR5M2M5EERP4WPFU4IV8M5IVNHNY3J4QABNJPUOM2S460PTPYF #HashTag1', 544404605, 397192672, 673664208);
INSERT INTO ContainsTag VALUES (300611535, 'HashTag1');

INSERT INTO Comment VALUES(66590947, TimeStamp('2004-07-10-13.51.00'), 'M62GF8KHWPTWMCYKS3K0QFSIIKYC0TGZU87BSLC6A9WS54BF6S8DR52KPA5DV2JHGL0ID00PKXLFDIJSO8LQMAA1G8VNND9BSHUW', 170574061, 739699897, NULL);
INSERT INTO Comment VALUES(699146814, TimeStamp('2018-09-08-08.17.00'), 'U3A8SXW9PD0DIS4AT8EHP5DDYMU05YH2J998GB8RB5GWGIDNCLE94Z3LU6NN227NAA9BPYBICLSXOD4V3P6VURXJGB2DVHNILG9H', 170574061, 326736162, 66590947);
INSERT INTO Comment VALUES(544577564, TimeStamp('2001-06-13-14.20.00'), 'JL66J1MPF8I46RFLBJT5PLX7DP8185BAGODBXND4D9PQIVTO2AAQ2VY0UQCGBV42LPGEIQ1AH65R9TOHKIAKGF9S73ZAION411QP', 299544511, 218767304, NULL);
INSERT INTO Comment VALUES(859815989, TimeStamp('2012-03-21-10.07.00'), 'PENX1ILHF4DVE5FZ9GOGW97S0TQIC0UHUVZMFLWK9CUE078AZI9G5NXSA4YCBYDPR7Q3SHN0H3VK2REU47P9FRMF4BCTMHYS5H9S', 170574061, 599139388, 66590947);
INSERT INTO Comment VALUES(1057007131, TimeStamp('2006-10-28-10.26.00'), 'PBPP54V7LUP4DVDBVB588167SBE9F1B7RBAOCVBQ50QB5R1755Z068NT4WWLWODHBWJX89SY325B6H0B8XTV0DDTJR5VNOCA969W', 935130134, 508739761, NULL);
INSERT INTO Comment VALUES(971974903, TimeStamp('2013-12-18-17.33.00'), 'NJZ1AO0B6OPV5H96K8Q45US1WI3UVH5IJSTZKMN0VJCA9BAY81P27FB0K2X66S3Q1AFU4J05HHNHB6HJGCPHHFIFM8T5LRLMBVM3', 299544511, 326736162, 544577564);
INSERT INTO Comment VALUES(73660840, TimeStamp('2016-04-03-06.47.00'), '4KH26BAHNFZBJXSPCHUONQZW8OOH9JS2WX2OXVYAJY3X4SF8GWL8DW0WIPB84I1P7RJD844DZJ81HDAEMI6VR2JSVVNRWFCZ6843', 170574061, 218767304, NULL);
INSERT INTO Comment VALUES(159738274, TimeStamp('2015-02-22-08.29.00'), 'P19XZ9RCHVI7LDEPO888456GWGVM2FFH4J4SF2I6Q6IMECCTR4P37MXYN16IEO1TNSJKRWGJX90HNXYLLZQJCXBQ4UKNEDMB5WZ4', 170574061, 739699897, 73660840);
INSERT INTO Comment VALUES(504930033, TimeStamp('2003-04-14-06.50.00'), 'M3MAOLAYKD9W1EX1A00WUV1XW1VH698H80FPHTEQRM3IRA4T9GGTFMQPUSNG7824XI0GY0GDP2U8SZ4BBCPXVPJ34A9RDBT9IF19', 170574061, 544404605, 859815989);
INSERT INTO Comment VALUES(569105631, TimeStamp('2002-11-28-08.27.00'), 'KILKQRUZTLGV3MI348PSEDUUOBL4U82PWFSGSGJ7A5K52PKPLZBIP3YX5E66VGN3HB3AJ5NEI16BL0WXVDPRJTKSS26BBV0DMVOU', 926688254, 508739761, NULL);
INSERT INTO Comment VALUES(153473662, TimeStamp('2018-02-05-10.33.00'), 'KWIBRVUIFUGTCF75BXGRZXKGJSRBXV59V6LO3MXBEHEY9O5FZ5OAZL7XVMTCFU4CKQEY4JRYJ8DLRIZAP2FDNK88XKMB4938XW4E', 243068417, 544404605, NULL);
INSERT INTO Comment VALUES(1002473314, TimeStamp('2012-10-05-12.43.00'), '1CYRCSNDTTXVMPJR0EEZL2QC9UA3DAWXDQIQGRQUY2JVOJ7TDMR0QCVO3F2H9VNJEVCRCEAMMGIFD4A8G032FZO2C63UT26DX44O', 170574061, 218767304, 699146814);
INSERT INTO Comment VALUES(640496822, TimeStamp('2008-01-11-02.21.00'), '57KKO8CZLQW6MO78FMNJIJI6NY717TPD5IWG0G8EUP7OGCCT0WGBBHDQW7XQGEOTQ7DZ7IGTDHOID2EVHWUD0ER9YQ1G79XWUXY9', 170574061, 854480438, 1002473314);
INSERT INTO Comment VALUES(926825833, TimeStamp('2014-08-15-15.54.00'), '6VDLIJ7D92X0NPTUTJ56SULGQHCIQ9JDBLCGC2XCARRYDKYRFQE3KP4Q53HZLUYMWXC4M7RDGDQFS70ZG97AB5BZ8KNCF4OZXRS6', 170574061, 209990282, 699146814);
INSERT INTO Comment VALUES(414855939, TimeStamp('2019-09-06-11.07.00'), '55G6EWQHKKTP6CZ8HXJLW7W0XAK3MCTLKJAON9EF347GFY1LJMY9NA33YWYFM8DUFGUWQLEXC1P1LWQ9L6KPBOO9M2IWZ0BH8E6Q', 935130134, 310484255, 1057007131);
INSERT INTO Comment VALUES(956921824, TimeStamp('2000-02-05-02.36.00'), 'NFCDGCOC3E2QGRKIXYCAXN9573RMGJFTT7135MTY7X86HO3106SR7ROATMUV5QMOL09TCF7BOX0MEYLI6MR7051MFD9UUA4ZSP4K', 880228380, 854480438, NULL);
INSERT INTO Comment VALUES(783438694, TimeStamp('2017-03-03-23.20.00'), '98VY03XBFE2RM74956S7N1EN3COHXURZUM3JFM8N3OPK81FOL3FPVR7BIBLEDPW305RLT425MT978KNLRH1W419G0RLZDBQ6VLT3', 299544511, 218767304, NULL);
INSERT INTO Comment VALUES(739014956, TimeStamp('2010-09-18-13.55.00'), 'ZFLJPH97TPE45ASKB58GJZTO4XZT6CCAXHLRAQC00AE17RMPTHEXZ7DWOSYA3UIGBY7ISAXT3LHR7J84TBH9P10DYWEW9N97WJZ4', 591785400, 854480438, NULL);
INSERT INTO Comment VALUES(559450004, TimeStamp('2015-04-10-09.11.00'), 'DKKKVOTC2JVD86J19M30MXUSZ9P1UDILGZ4PA0E5TLF3W0WVGB77622CFAIEYRSJR552YWVW6KZE64U4EEPEWRKM0EY8AMUKDFZ7', 299544511, 209990282, 971974903);
INSERT INTO Comment VALUES(178637529, TimeStamp('2009-10-18-14.00.00'), '7GKANTGUKWPCZYGHY77GD773FWO1R6CBIYN2JUSTCBEO6G1DVGVRV3B9QV6UVFIJRUI0UG3YJ7X6M5ZNKV95TFLPUOAP7H6GAU4B', 935130134, 218767304, NULL);
INSERT INTO Comment VALUES(356701418, TimeStamp('2015-12-21-03.37.00'), 'V8ERO6DCLEN5KKGI9GBSTNMHIUFH0EKK69EPJLS8WMBU1RS532YEFI9HPD7HF0XGW4Y4N7CZ2NT563XCYOBR6KY1WSGSRO0XW34P', 299544511, 873409324, 544577564);
INSERT INTO Comment VALUES(981697720, TimeStamp('2010-03-23-17.48.00'), 'HRJRKVP22QGSVBAB4VDZACDEFSVDU8DUPYJX798DREW27E3PVP0ZRHU3X29PB1Q3XZQP4ARUOLUJ0UME2504DR99NACTKTI7J946', 596038220, 326736162, NULL);
INSERT INTO Comment VALUES(52287056, TimeStamp('2004-08-27-00.35.00'), 'APC19EVYEUJIC016NBJ82PRBVWT7PV5LF8CT6N3299IB7TLH021EHTIEMSKCQI2MPE17AVA8RUM5TZY2FDQA2P3PXT5OFDCVNDM0', 170574061, 873409324, 66590947);
INSERT INTO Comment VALUES(653789109, TimeStamp('2004-03-12-22.43.00'), 'FGVWEE8NP1JCSA2F16B0LOUCXG8GNV5VAJNT89X6QHXA39QESHX3AE1KAV349QLCIXEWM6TLGUKJ5JQ3S30L0ZMFF8LBYQPU4KAU', 591785400, 326736162, 739014956);
INSERT INTO Comment VALUES(881980525, TimeStamp('2017-09-01-00.36.00'), '7NND7Y4SDH5CKH773TCYWWYRY3P4PS80YKHFAD6N8THPLZESNHG06BL4RVVZUJ6VLDW4SGJZOU7IAK6VDR8YZ8T4K3U4ONLH6AXO', 926688254, 310484255, NULL);
INSERT INTO Comment VALUES(592303257, TimeStamp('2001-07-06-04.42.00'), '0X4E1MLSY482LVY3XA982V9WRFFIWGRVIZLC3RPYM7K8TK3PFWM8M4YDBEPCL3977ZAFLOJRUIEKGAORPR0KRSQQNC65GBW6H2C8', 982812860, 218767304, NULL);
INSERT INTO Comment VALUES(494991811, TimeStamp('2009-03-16-04.00.00'), 'MON0IW9BGMCU9YSA13EHHBC2PR5PELH14Y4H0SQDMOSU2R2H0SFRD6PXAY2NXQQBEXD5YBEGV7ADZWROA4VAXDE0G7LK22M7E4WQ', 720778422, 544404605, NULL);
INSERT INTO Comment VALUES(1037327862, TimeStamp('2010-09-16-10.49.00'), '59CX7X2H8JZ6GO7Z7Q3UGN5G7QNSKHDCVE7PHVYPZDAAWAY8C1KPBNHHCUVTFYLBP0VUSNNYH9T4E4UPXOBPFBLU8J6L5KX7PWJF', 875982679, 326736162, NULL);
INSERT INTO Comment VALUES(294083455, TimeStamp('2016-05-07-22.21.00'), 'YMF0WAL0LDNCP2LD7WXC8I6RA4UPWB64AWSNKBLTQKL03FZLV29OUY7PDYSX3H7T9S39V8TQWNUB53W6NKU8565VMBDO3YZHGLVQ', 170574061, 739699897, 66590947);
INSERT INTO Comment VALUES(811825548, TimeStamp('2013-09-07-03.02.00'), 'X8AEANHG30NN28UD9LRCCB3V57SDR2XN35CF6LAFE6N9LUBGPFVZI7W12SXABCCE9PGKKI84YYJNTFF6HLG919RWD763O8772VJO', 299544511, 209990282, NULL);
INSERT INTO Comment VALUES(17730160, TimeStamp('2013-08-22-05.55.00'), '3UNKEF2VXYPPW1DYAFK01L2NKGJ1RHG546GB1JLPZ2OIZSUI3P7L9ME8KDY5TOIRZF9QY4GFBFW9VD19M6MABPD1YOMBIHXPZS7E', 170574061, 209990282, 52287056);
INSERT INTO Comment VALUES(46254124, TimeStamp('2012-09-25-17.33.00'), 'ASSPJ7UNBIOOVTSH9YAGWNYKMRRKRROV6TE2BO3JKX93LC05S8LRLU7W5GNTTM26CCWRYZMHBKG6E585FFRIT8HDREKP4PIWBV2O', 734573976, 873409324, NULL);
INSERT INTO Comment VALUES(1069574563, TimeStamp('2005-09-07-00.00.00'), 'B9PDP3S3MNXTY2AA6OZAK8DKTIE0917YKE5OJDX4FYDZC39E1CBQHY1Z0CGK1FE3CZXDZQMJOR6CAADUBB1Y21ZURKSR7NS9M5RH', 83177513, 739699897, NULL);
INSERT INTO Comment VALUES(480706799, TimeStamp('2001-02-27-22.20.00'), 'DZST2SPBMK8A1K57UYYB6CR0ANJCWS6ROMLZTWC66JA3KIIZ700LIU0ENKHDK008UZ54OGAU2KZYM3VYN7DYY1U9GY6AAZJFE1C9', 720778422, 854480438, NULL);
INSERT INTO Comment VALUES(423014620, TimeStamp('2011-12-15-14.24.00'), '5VRVDPFLYY4LCGKR6XBINSDQWWSKG2HNLRG4XY7CQIGGWS4YQYOYMBPGGXOM9MVJQE9NC00CCZLGZPUZ5S974M1SOBRDPC8AWABG', 839245204, 218767304, NULL);
INSERT INTO Comment VALUES(585590430, TimeStamp('2005-04-14-16.44.00'), '9ESRRMA6EZZ85IDBD1LZ2R7AYLA7I2S7RUH4834RQWQDWW5T6RP4JEQ6HL4CN1RRVYFEW54T3R8M66LNVDNDG9B3Q421LPPSRH3I', 1044985379, 310484255, NULL);
INSERT INTO Comment VALUES(839767124, TimeStamp('2002-03-13-14.05.00'), '3L65FDWU57X88Q6IU94O6QKOQ3448FU8NAM9HB9R94EDJ4L0VHVRXAT4ZQ1FQXDSFM8AOOOWT0CZDU90IDIVWBG66G6GMJHPJ7Y0', 663614670, 854480438, NULL);
INSERT INTO Comment VALUES(715343642, TimeStamp('2009-11-09-18.31.00'), '9GHWWKK1KNV2EVUZTIQYBF8B75H2B4XEIQZI6S0ELKULV43R6FFKHGCZGGH6TNXXVUMPTR8XD646LVX9SUZGAV89KZ5GHQS8S76V', 880228380, 209990282, 956921824);
INSERT INTO Comment VALUES(107846852, TimeStamp('2010-02-09-15.21.00'), '9PLULKPNFPJ1ID37OL9YIN938N83UNIK9PERU2WQGDHPFER4XVPFZXLO3NAK8MBM6TLSJ62M9OXCW78QL0NVSFESGVAB3D4DS9QI', 596038220, 326736162, NULL);
INSERT INTO Comment VALUES(924232642, TimeStamp('2013-02-07-08.35.00'), 'TOF8J8K3OD0HADMWKV6N1OKMT4C4DMZ0FF8QCB1KD64V5UI41AFI9VJN4EXA2Y23MYOLCVHKRCFKB4M9TZ4T8OZFVC047B76UHLO', 982812860, 873409324, NULL);
INSERT INTO Comment VALUES(886983613, TimeStamp('2003-01-06-22.41.00'), 'K8ZN7K93F45TOA5QGIILE43STAYMCG9IYPOEEFVG48YRKF3ZR6BANM9VCU4NHKM4MQHFEDL6MYMHHF8TZJGOW8WY8YBELYDL25GU', 170574061, 599139388, 640496822);
INSERT INTO Comment VALUES(613133125, TimeStamp('2009-02-08-02.19.00'), '6B5WPAK0NWLW32DPWELF0BUPUPB36R49SUCC9MRRUVEMAVMDWA1U5NFLE9RI8N0KF5R4I10CF3CPJ642PZ7M6ZOT6VKAYKOR8FS9', 299544511, 739699897, 811825548);
INSERT INTO Comment VALUES(544146937, TimeStamp('2018-10-26-12.59.00'), '1LDO1NSDCVXIQKMRQ3V00RL8XDEHWM583EEMVF9IRF3XACN5J6NG23LFO2SV3E0HMGG7BW0KD2B2W0UFZRS4V56WM1WRFUNJ267F', 663614670, 218767304, 839767124);
INSERT INTO Comment VALUES(185661870, TimeStamp('2010-01-15-09.41.00'), 'MO69WQ3M4G18USL6IRQLF8QE0XPFODFCW3VMGX1B3K321W1IKX1CPCMAIINGM94NPEOGKH2CEXLQR19GZGXHUX31SLQC36COFG5V', 720778422, 873409324, 480706799);
INSERT INTO Comment VALUES(275440361, TimeStamp('2007-08-28-12.38.00'), 'SXKJYODLRO1YJCVK09MWXQLQGDLHLXUWE2AJ4V9P1K50WZVL7HTWMHMHNBB8Q81H5EG0AX33KHSM129EC912T8OSEYJTBG5E6QQB', 1070474400, 310484255, NULL);
INSERT INTO Comment VALUES(337389641, TimeStamp('2008-06-25-23.40.00'), 'LADKWMBYUQ0QABSK5SKWT4AFTHRVMDH3XZ7RI4J6GL7K9BWOQ1X68KMKQOGMX47GNKQVQ0JXVXF71CHZ49CDZ6RONZOA9WK7XMAN', 839245204, 218767304, 423014620);
INSERT INTO Comment VALUES(139152595, TimeStamp('2013-11-21-02.28.00'), 'HV503U3ZL8M7PKGG68B49A0R28O7T5MJ0VWC8YOR2K1SKPS7M33BFAFL5UANWHC3MDJHKFIHSUHIROQRSMBJTHL68WSVZ3M8HANL', 1070474400, 218767304, NULL);
INSERT INTO Comment VALUES(721192405, TimeStamp('2007-09-04-04.21.00'), 'N345M4UGE9HYJ2HGP2YN0DPLJWKHXGUIUS6P2S0A5AX48IYZ1DHUESAZF96CZ8LJPYS7T0R04J9W6XRU861WPMBFZD8T422GJQXN', 935130134, 854480438, NULL);
INSERT INTO Comment VALUES(78392571, TimeStamp('2009-02-14-15.24.00'), 'G3TDRF08SWHB4PU29XJ21H87KUIU1CP0CKYOO6B5WZM2B5S5KWPI4A7K0UKHRS56PJTH4UJXH068CFV1KSVLGX170JRBRB90NL9R', 299544511, 218767304, 356701418);
INSERT INTO Comment VALUES(905830501, TimeStamp('2019-01-28-00.52.00'), 'O2I87CKX9N5OJFWC9F2SQ1QSMKVQ42P44PM0SOTVGS39KF2K4N2BLYL9XW66M80OOS6ABAHYUWHQDIXQKEZMQT5B6Y5KMXHLCCMQ', 982812860, 739699897, NULL);
INSERT INTO Comment VALUES(709593821, TimeStamp('2005-06-04-06.03.00'), '59FIEOEKPXKW9OQ9MIDOF8S9QLGY0ZWD8IVU9QS6TO8KIP1ZH9KEV4CVGSZ1HSCN52PH7I4M8PL633B9G0BBDCW0RNX9S1MTBOKL', 170574061, 310484255, 926825833);
INSERT INTO Comment VALUES(522166374, TimeStamp('2019-03-27-02.38.00'), 'QAFJ5KJZBO6FWZIU07ACRDBALRA58AS7CBG0JN7VPF9ROGE8ZS0XWAZFS0ISZAS65KWXKLSIUC4EYZF569LA7B06K1V5EA3FNTPD', 516089506, 873409324, NULL);
INSERT INTO Comment VALUES(701760454, TimeStamp('2004-06-25-07.49.00'), 'JSME7PDU8GU78Q9B1RH322VVIZHSI5F1WBATFEH2QXTPUQHHVQ0CSR0JQ178XBWYTQBPXVFZ5NA0Q66XMP97FGHHSLY9ANI46YCO', 47187981, 599139388, NULL);
INSERT INTO Comment VALUES(381737035, TimeStamp('2001-09-19-10.23.00'), 'AJFUKKEEV3A6S7YL7VXY86Z22ES41D1L57OB9HG9DPCXGOZ384KMAFKFNHY1EYFQ73MY4R9MC91673PZTLSEV30C4G5PTTW7QWPK', 478739691, 544404605, NULL);
INSERT INTO Comment VALUES(761586702, TimeStamp('2010-09-23-22.12.00'), 'ZW4RKT4IEHW5RBV2M17T1FN30CORTR99JGTDFWKMGT77JY06U2S6SO5RYBU93T4ETH5DMGLLC6RDIE3OWZZI5OF714ZOXSK1OZWR', 926688254, 544404605, NULL);
INSERT INTO Comment VALUES(987640604, TimeStamp('2000-11-19-06.15.00'), '7MWIN72TC8BM4JAOY3W3BELCKCIQZGXF1OKUBCPRVZGSTCISPDE8XXIJ6U40TLXI6N78OR7JHPYSW80EDB40RIRXU5NBQTL7L38X', 170574061, 854480438, 640496822);
INSERT INTO Comment VALUES(650311305, TimeStamp('2007-10-08-23.17.00'), 'Z0LHY0WXFQQJAK6VUKG2J3Q1S1NWBNGQLYZ6LB4NNFYO2SRP68IX4CN9R01YRZ365512VZY5OFTWNP2H9MGWI1OIQ6RDSP6N8D12', 429119516, 854480438, NULL);
INSERT INTO Comment VALUES(65005133, TimeStamp('2004-07-05-14.47.00'), 'LEAWIUVNQCU87XTNJN3WY5QROX8077X9VLRDJI12ZVR995M1MLPZHEWU5LUXUCMBOHYU5MK5CEGBDFCZR7ZGVJ87ND8K7Q80NITU', 83177513, 508739761, NULL);
INSERT INTO Comment VALUES(588837221, TimeStamp('2003-06-20-10.54.00'), '6COS01X8C4BFM0JPYTP4UWQTTLZPSNI0WDX3GIJJNWCALADEZWRH8PYN9NSOVHTM7AOEPKJUNG8O0WJUMMVZORCOP9UX1AIZUGDC', 478739691, 209990282, NULL);
INSERT INTO Comment VALUES(833062303, TimeStamp('2017-03-19-18.35.00'), 'K65NI81WT739U9Z3SGCBVDWVGT2ROVUMDQI959GE2QW6YWRT1VFHPMYLABQ04OYAQYO07FD3NOFLREHSE1I0WCGBJ6PK047GQSRZ', 926688254, 310484255, 569105631);
INSERT INTO Comment VALUES(41137075, TimeStamp('2016-02-27-00.46.00'), 'PJ0B1M7L2A56O9Q4HF2N15ER4ZQRTW3OOHF2NM8RHLCPW0CSADER3CPFL0R4WNTZEO5JEEFXWWO5FPIEOIS35RV7S0TFM93MT40C', 839245204, 873409324, NULL);
INSERT INTO Comment VALUES(903622475, TimeStamp('2004-12-11-14.58.00'), '4QMFID1RP0NNO4YQACMNGRIR7QILUVKX5RXSS87HVDKR87ARZBJDHPTHPMKSZT9ZLWIWJT55HHMZLJF7P4OP9Q8IV9QFV4BJ02XZ', 170574061, 218767304, 52287056);
INSERT INTO Comment VALUES(376935886, TimeStamp('2009-07-28-15.10.00'), 'S9RX36JVQGMYJ07WMM38T6L7A2TXIOTNGOVGTK5ZIEH2PGK7BSEGF5KXTMJITPNHKIAS9TLBJHPO6WTV85T87EAN5XI941QLLD9J', 720778422, 739699897, NULL);
INSERT INTO Comment VALUES(458921455, TimeStamp('2010-05-26-18.13.00'), 'LM5ORZHX7ZXJBKMJ7II9UIMSDKVU3CRY0271YT0AM1OE6FDCYPIWSPSA1YYR003YE692LM4RH1AH6232XJT7RY4BY267NB1C55XB', 734573976, 873409324, NULL);
INSERT INTO Comment VALUES(216842849, TimeStamp('2019-12-12-17.35.00'), 'PH1XEXV1Z3QBH916GAVWRJVHK4SVWMLTEA5NT5X9G4LAYA58SECRJ0JA1PTUD6NL6LCNEWYJ2SBTWIXMYF1HYH9LIJ61LX1YWN5L', 591785400, 854480438, 739014956);
INSERT INTO Comment VALUES(518800758, TimeStamp('2010-06-25-17.38.00'), 'QSJJ77EOPHNERRC4R851O0EHKSCWNWIXET9K4ZH68RYNN8Q0LKB9JIHFAMOP2UGXMI20NC3V5DZ0ILDK2J519G225RTG498JZ8EF', 299544511, 310484255, NULL);
INSERT INTO Comment VALUES(738661343, TimeStamp('2011-01-23-20.11.00'), 'ERI7I04QNTM2TJGB5PHGIR7BKQJDZABBY466VTSW7JGK3UHS0489W8W14IFYIXTRXMLL5DHY3TGMGQI3I35GVWBZ9K7LIP1QQKOO', 720778422, 209990282, NULL);
INSERT INTO Comment VALUES(817086521, TimeStamp('2009-05-21-23.59.00'), 'UM7Y6F1ROCYY1H6N2B3BBEIFRJ8TG69ZDIUYZITN1SIYPDRNO44KO94QNOO231KSV664HGJT1HQ26SVGVF8XIXVYY4CFP85G69J4', 123516645, 209990282, NULL);
INSERT INTO Comment VALUES(1025647573, TimeStamp('2002-05-08-12.29.00'), 'XE6NH6BT4VASSXSPY9952ATR5X6K54RCF10LX1RRR7ADBQFKLLWUU760VPTHGOATI0WGDZKRDLZTPUE9NCCBGZ27553C231N7YZY', 170574061, 310484255, 1002473314);
INSERT INTO Comment VALUES(698716257, TimeStamp('2016-01-09-13.08.00'), 'NR310S665X8NVFB5HJD75TQKITDUYQ9K9GLF69ZU5J4OCSDB6WHOE791YYVOB0UKN5X2YOPN3ENH9NVG4BWBIOYENYRNZTR7MNNV', 935130134, 873409324, 414855939);
INSERT INTO Comment VALUES(229891893, TimeStamp('2000-09-02-11.05.00'), '61MZFKY4LQG8FKEEDA38YQ903QCH30AUQJ3XTHRRU5A4NJYD1TODMX2JUQ41XR4FDB1GY9WKPKJEXJPW44NI0XNHR2VKGS3KP656', 98193985, 544404605, NULL);
INSERT INTO Comment VALUES(375040678, TimeStamp('2014-01-15-02.43.00'), 'IKH9JGYFV78HXZ01JMW3KN49E19AOWZZP1R5XLB9VWSQXSFND3OACG1HQVUU8XAXTOLIA718176II4FIFBJFA707Z369CIEONYS6', 299544511, 854480438, 78392571);
INSERT INTO Comment VALUES(370213244, TimeStamp('2010-04-11-09.28.00'), '2RVM5XNKVBB5G5PZGX02E17B0GX2J7PF7LWMCJ3C2L4GTHJKW474Z538IPIVDK1XLWTJE98V34QH2W9688YTB8014NXGBLHO40K6', 673664208, 508739761, NULL);
INSERT INTO Comment VALUES(429515159, TimeStamp('2014-04-02-18.35.00'), 'BJCECPVJV2DQSJMPL7ND4WYQUF08OI3FE4XQZ64LZ3IZ3OSHW9K6ZVPT7JCA6VKIFWCSA1W99DA9UDAQDG9IM4M00B836GP0RVM6', 720778422, 854480438, 480706799);
INSERT INTO Comment VALUES(970268968, TimeStamp('2016-09-12-22.19.00'), 'L8G9H1UR140UBX5SXZV37KUFXJVH2QNSG8ESYB15LDS1O5YCOTDN3CC83MWRQHHB7XE8Z93AR7NKD4EOYX2ZGXFXO7DYZZ7LXM7Y', 271968051, 873409324, NULL);
INSERT INTO Comment VALUES(527031651, TimeStamp('2004-07-02-12.22.00'), '8LNXGT0FTCM0D73ZWC7M9RL35TNTANN4T7P4C5JDNYHU57VSS3JQAKRX2JVY7T6Y91RQSJFDXUWS65MK3QBLBVYD3THZKT9EU4GE', 87385746, 508739761, NULL);
INSERT INTO Comment VALUES(383401101, TimeStamp('2016-12-16-01.53.00'), '7WXGLAAAVU6N7I527XB62S03B5A6938LE0QYEJLNQ7LRFXR6U6SZ7QGHC76TLQ8IWVL4HJ6OPG7ZYXZI080CMDXSV3B8EI07MV1Q', 516089506, 218767304, 522166374);
INSERT INTO Comment VALUES(25208353, TimeStamp('2012-09-24-09.28.00'), 'M5NCVAM0ULEDDZV9VZKQVU0SHQJNNU66S1Y5MBH68XY4Z0WD7MASIJCZ5OPDWQ9SFA7UD9PN8SN7GBZG8XOJSAUBHGD9MOSK5E0O', 299544511, 544404605, 518800758);
INSERT INTO Comment VALUES(458632856, TimeStamp('2009-04-16-23.56.00'), '5T6GTL6RLD3RAH464ALYXAZBAFXKK1DF7BCLEC20RDIDK6F80RYRDGFJ806KPSMX6WBZ2DNI39XMTS71V596XGE9NKUS52RA34FK', 87385746, 218767304, 527031651);
INSERT INTO Comment VALUES(601196112, TimeStamp('2014-02-24-07.10.00'), '12FDDXUUDN3PVR2YC4UEDS2AY4PCO0CRNR05RPJ47O6HQANNP4JIC4RWN0MMHHUXD5OD7M7KYKD8NQFX6E1WN96QPT3QRDLA4FY9', 170574061, 544404605, 859815989);
INSERT INTO Comment VALUES(864390915, TimeStamp('2003-08-06-10.37.00'), 'AD3SY96IV889PTGWGV5IM4ZZYOGWZB9EOVNT76UG3THVAHZCZQ5YK4AJIZKG1MEV1SUQ83AAW8FGCIKTNQFSUP3GHPHXLRYBEFJW', 839245204, 209990282, NULL);
INSERT INTO Comment VALUES(33586688, TimeStamp('2003-12-12-09.01.00'), 'WNEZ1VIGZPBFQAHWXJQIZU231QC2WDS31G9CH4W9WS9Y7YSYP34EP4B1WSUIORUKBQAZ61WDSW5S7HJ4CMG39BOXV5IRXKDWWR6J', 83177513, 599139388, NULL);
INSERT INTO Comment VALUES(533407212, TimeStamp('2004-01-20-07.59.00'), 'SPT5EGX80ERD8QFI0DM875G7QA4TQN7040K8NGH6RVYT603JCL6X5MA2DWU9IC4H1O64YK85RFC220RSJJYG9NAB8I5UTB74KL5G', 926688254, 739699897, 761586702);
INSERT INTO Comment VALUES(894835530, TimeStamp('2009-04-03-23.38.00'), 'NQ5BKKE65R5MMSBZPILG6ICWMRGZBYUGV2ZEUFVUTU3QCXF007V5TLP81NK2YMRUILIDG6E7WN1N950QCVOQO8E6Y6QGM7WFKLYG', 478739691, 218767304, 588837221);
INSERT INTO Comment VALUES(317016414, TimeStamp('2000-03-02-13.14.00'), '4FRXCGOGNUQI4CEIIZDK53I4TN2ELO1D9RJNOQP0FKIQLX8MS93TTU6ZFVYOJH956UHKLPFOWL8FWQVVCLE3ABQVFKC04LOD5NXO', 734573976, 544404605, 46254124);
INSERT INTO Comment VALUES(319872357, TimeStamp('2016-03-26-02.00.00'), 'TMQQVXYURR71UYCKECFTLPQEAZEMJSURUTPDQ9DERGO7RFLV5VRRZ2G063LHWBQEJ2NRPC3RMG06U62LZ5HR1L3ZYUOIR2H4I5BU', 299544511, 508739761, 559450004);
INSERT INTO Comment VALUES(394633784, TimeStamp('2019-03-01-03.54.00'), '9XRLTACKW2RCDG5RDZMXQD3KKO2LUE2VLZUO3MF8COH52OI9T66LLPTTCW8OIAIIDS9W16XZXO3XTJDX5LAM75G8KY2UEFE9S4KG', 734573976, 310484255, 317016414);
INSERT INTO Comment VALUES(269057198, TimeStamp('2019-12-04-00.16.00'), 'HVFJWMZ0GHFDLI1S4K0LSN0LD0UK1C4HFMXY1BKK3ZHESQSWL1TCSWWOFX17WMJFNH44J4OUJ872TDZ62ZSEML6Z3JI6CKC5HXFP', 452059189, 326736162, NULL);
INSERT INTO Comment VALUES(176601846, TimeStamp('2015-11-28-19.26.00'), 'D8XLIYE70RGWEJZ5TLTGZC50OYR9ICYRITV073W63WLVJ0EMRCKRI0N8L0UGNRHQ6NMACM0RLQJ1WMWYR6VYOZPI3S69MVOQOV3V', 299544511, 218767304, 971974903);
INSERT INTO Comment VALUES(564573481, TimeStamp('2010-08-21-16.04.00'), '0S94WWK2THBVRZ7P4OPY8Q5YN8G1PQBSZ0VG7Y8U7V3V3MLA94ZRTEGNQQW9DTBD7XZM4LKX7ETHK2BY31XAXHYMSR22D5ASJ3TO', 478739691, 310484255, 381737035);
INSERT INTO Comment VALUES(886554658, TimeStamp('2005-11-15-23.59.00'), '8IC4AUEV9MDWSF6PPAUCSFRUFCH027NI4NS7N138I4HZY77ZGMRGQJPPQT7J7570BO2OIMT13Q3JSYCVIIEZAGXZ2LNL4B2QPWGB', 243068417, 209990282, 153473662);
INSERT INTO Comment VALUES(92619852, TimeStamp('2019-01-21-06.16.00'), 'BSG1J72JMTVKCJUZ7VMJ6KAY0NMKNZM93UZDRQ9HG53KCNNNRUTOC04KNAQMHWGY3TOXUG925UEK6P3VWLUYIHO81KU1C45KV6EB', 839245204, 599139388, NULL);
INSERT INTO Comment VALUES(738289062, TimeStamp('2015-03-21-16.53.00'), 'PMNUQQX7DA2ODAOOH3AP55DC1IG94GIIV4M2LFIQSW9EKNMPRBZAZOF3XF84Z2QAVNP5WSBTS3IGCFN5LB7ZLLZ6ONT7BRTXPFE0', 170574061, 326736162, 159738274);
INSERT INTO Comment VALUES(947502348, TimeStamp('2017-06-13-04.55.00'), 'LN04GJIDKCJU66PSOYI8JIC4R3WEI448GK5M19LHPFQ2XCZ1R50DJU6HVSU2JOWX6S3RBF65XF0NTTP9LVE4UHTMK3DWY0PFW3M7', 935130134, 310484255, 1057007131);
INSERT INTO Comment VALUES(343309973, TimeStamp('2011-05-12-14.59.00'), 'SXLRD1BBCAYMDIRUY45O8GVOA8HOK4I4EAP1ZUANW6CJTLAG0W8DQKCV6QO8UGVSHM1BNQ1WCFH17D5KOCHI0IMJUC1SG3UZV0ZX', 734573976, 854480438, 458921455);
INSERT INTO Comment VALUES(162137811, TimeStamp('2008-07-03-19.41.00'), 'BU0UAG2PLT9GYW4PPQ4EIH8APISAR6U71703KPHXDC15G2T09S04TCBL3WPVQAR50PZJIJH82VKYC0TU83SC7Q25AE7PZQLFG9K1', 880228380, 739699897, NULL);
INSERT INTO Comment VALUES(841394566, TimeStamp('2015-12-04-19.50.00'), 'LBHMK9XIY9STRHR7GBEDIY7493ZLZQN8AP29GP62F7OBRT8BJCYTWEAJK3J93XRYP8KP2ZO9FB7P7YHLJDONGRF5DE2S29JBCXAY', 243068417, 599139388, NULL);
INSERT INTO Comment VALUES(767512399, TimeStamp('2008-04-12-23.22.00'), 'JX31WKZR1P468YEGVEPAOV7Y21X4QZGDR5LSNJYLLH4PXIUN3AGZHQD6BGKNILCODF1OL4KKAS010JB78AD3QHG9F4IK1F36KU3B', 87385746, 599139388, 527031651);
INSERT INTO Comment VALUES(631274595, TimeStamp('2005-12-07-08.02.00'), 'LQ8LQ5MOLEL3V9GOQ1A6DQ7VJPTRJMAHBYOTGG7X6CQVUB7LE84KHURVM65A2GR5MG608SLGWH6HLJV54K0SPB1SJMF9UDGK7CIP', 170574061, 854480438, 73660840);
INSERT INTO Comment VALUES(889126900, TimeStamp('2010-10-25-19.23.00'), '7NTZ9NWL0IV83BMKF9WTLMH5B6GTJ4720AAD9PPU76P0MZXCLHPVB4CNE65U3JIGR9OOZ9ITF1ZWCINQJ7MFEDDNHMNJCQF8RMV0', 194071900, 599139388, NULL);

INSERT INTO PrivateMessage VALUES(276345321,'A7WZ4K2PYLOMSWP6AEYWXZNIM5NFQD0J2G11KWXSUZ63RMF8L6',854480438,873409324,TimeStamp('2018-12-09-21.10.00'),TimeStamp('2018-12-09-21.10.00'));
INSERT INTO PrivateMessage VALUES(813529921,'FT65TYZFXVZTV8ECRJ261CN2LZV2TDVLQHEOA2QMNNNM0CQ92T',873409324,854480438,TimeStamp('2009-04-06-20.03.00'),TimeStamp('2009-04-06-20.03.00'));
INSERT INTO PrivateMessage VALUES(594719380,'Y94SVVRNCJUG1KXB2KBYHWKW6ESUH8F086G5LI8XFKX7OE9L01',873409324,854480438,TimeStamp('2009-11-15-11.59.00'),TimeStamp('2009-11-15-11.59.00'));
INSERT INTO PrivateMessage VALUES(604358397,'VOLTHRDSYM8M8VXH7WN7NSJZXMLQBPVJGJSBR8OVWK8WHWDWP8',873409324,854480438,TimeStamp('2013-10-22-01.06.00'),TimeStamp('2013-10-22-01.06.00'));
INSERT INTO PrivateMessage VALUES(959438875,'3S5FAMFD2YZU8IUICC2IODS32JOTH73UNDPX63DGGLSSPZR8ZN',873409324,854480438,TimeStamp('2018-05-16-07.29.00'),TimeStamp('2018-05-16-07.29.00'));
INSERT INTO PrivateMessage VALUES(679528372,'9FMLKMAXZTL3HFMZUGKRON0ZTYM3HW5PXA2E9RRGD8ZWTXGFVC',873409324,854480438,TimeStamp('2006-05-09-19.50.00'),TimeStamp('2006-05-09-19.50.00'));
INSERT INTO PrivateMessage VALUES(554350151,'CAFHJG0C7T4DXQ1W5KIBJWL4TASZGV3ENDCIB26KEJ9BTRHXIC',873409324,854480438,TimeStamp('2018-04-14-01.38.00'),TimeStamp('2018-04-14-01.38.00'));
INSERT INTO PrivateMessage VALUES(949559205,'3H5YF1VBA4172SXR636KYOGIZAYZKHFHOGNTYCVU9FUYWMIJ71',873409324,854480438,TimeStamp('2012-06-05-04.44.00'),TimeStamp('2012-06-05-04.44.00'));
INSERT INTO PrivateMessage VALUES(778155831,'8WR6BM7AL0ZF4YDDAWJW2JQ5H6XHUKPIZCTHXOP838I6B6CDNQ',873409324,854480438,TimeStamp('2007-04-18-04.44.00'),TimeStamp('2007-04-18-04.44.00'));
INSERT INTO PrivateMessage VALUES(451662554,'XBN24JYXTSWBLPFX1GSIIKMARECL3SRZXEIMDKMJCMW7UMEGAI',326736162,873409324,TimeStamp('2003-09-28-21.06.00'),TimeStamp('2003-09-28-21.06.00'));
INSERT INTO PrivateMessage VALUES(918286051,'4M87HJ9SUOJ1C4PH4R7QW1UJ0KD9H85W3TDBPLH01BFBF9IJU7',873409324,326736162,TimeStamp('2008-05-13-09.34.00'),TimeStamp('2008-05-13-09.34.00'));
INSERT INTO PrivateMessage VALUES(748889724,'IUVHVSD47UR5JI9BLDW8VBMUEV28W855USMF4QFR6EBY3MWZJQ',854480438,218767304,TimeStamp('2014-02-08-03.33.00'),TimeStamp('2014-02-08-03.33.00'));
INSERT INTO PrivateMessage VALUES(352141258,'RI4UAO123E9NGJWX350UF2HZPJCEVHQNOXYGE7S9L79P9M7DPA',218767304,854480438,TimeStamp('2019-02-10-16.11.00'),TimeStamp('2019-02-10-16.11.00'));
INSERT INTO PrivateMessage VALUES(149910450,'FMPR4ZSJCXRW01TR1E196PRGKMAQQY9TB8Q2SQOFQEN1F2WBIB',218767304,854480438,TimeStamp('2001-12-09-13.26.00'),TimeStamp('2001-12-09-13.26.00'));
INSERT INTO PrivateMessage VALUES(92682888,'O38EHYR8F8NBXS3JW0NI0HRXOWM8MN024QO8WYCMC6NYB75QFL',218767304,854480438,TimeStamp('2008-09-24-17.07.00'),TimeStamp('2008-09-24-17.07.00'));
INSERT INTO PrivateMessage VALUES(436417799,'UMY9JU93DI3Y2MC7OF5UJWRL92PM043OA4NYOKFC20U7E5UF8E',218767304,854480438,TimeStamp('2005-07-17-03.40.00'),TimeStamp('2005-07-17-03.40.00'));
INSERT INTO PrivateMessage VALUES(1019664013,'P9DTH3NJ5UA135MHMUXL6WTTI5CBXP3QXUCZZQEHCA6DKZLD45',218767304,854480438,TimeStamp('2013-04-11-12.37.00'),TimeStamp('2013-04-11-12.37.00'));
INSERT INTO PrivateMessage VALUES(759334631,'DKA1XNBD0BOQD51GD62RC4OVOXMZYJYG0HGJCL475WFRX0DXBT',218767304,854480438,TimeStamp('2011-01-11-21.10.00'),TimeStamp('2011-01-11-21.10.00'));
INSERT INTO PrivateMessage VALUES(848747775,'1E7MQ82KD3UJKZFU4IPUA4HOLPHPNCT9IYZW954XAC3A51BK4G',218767304,854480438,TimeStamp('2008-10-05-22.10.00'),TimeStamp('2008-10-05-22.10.00'));
INSERT INTO PrivateMessage VALUES(789417301,'VX9U6E58X72C8U33P8BOO47WNI729QVHKFYO1K4JGXIBEV2IK3',218767304,854480438,TimeStamp('2010-12-02-11.27.00'),TimeStamp('2010-12-02-11.27.00'));
INSERT INTO PrivateMessage VALUES(365109086,'ITISE2MSZZ626SS99YBC7WY4BHQCXPMM55QLWWR9O4G4E4BUUX',218767304,854480438,TimeStamp('2014-04-21-14.45.00'),TimeStamp('2014-04-21-14.45.00'));
INSERT INTO PrivateMessage VALUES(65979411,'4CXFK8ER1Z8QD08UT22IXPUBNE9UNW0XA92ASXR5EO9W866JG2',218767304,854480438,TimeStamp('2002-01-23-19.40.00'),TimeStamp('2002-01-23-19.40.00'));
INSERT INTO PrivateMessage VALUES(755826833,'SIA2E6VO0SAAIXU4JVAMUK28END3EQ0HL26UW2O289OWCR1CKC',218767304,854480438,TimeStamp('2002-04-14-17.55.00'),TimeStamp('2002-04-14-17.55.00'));
INSERT INTO PrivateMessage VALUES(494450037,'EDNBJ7BLST018XET1MF63US4SQ1QM4EG430AY9PVAS60IJG9BQ',218767304,854480438,TimeStamp('2010-05-20-00.31.00'),TimeStamp('2010-05-20-00.31.00'));
INSERT INTO PrivateMessage VALUES(370361129,'5E4CULENYAV5Z61WQZ60HWBAHNV7EC8HCZKD62876AM7FC6NPM',218767304,854480438,TimeStamp('2000-06-07-07.25.00'),TimeStamp('2000-06-07-07.25.00'));
INSERT INTO PrivateMessage VALUES(705241798,'WFULUCZ33CSZCNJOOFOQB7HH7EU3IQVT8SQJEMKROVNLLCQXKK',218767304,854480438,TimeStamp('2008-05-06-17.18.00'),TimeStamp('2008-05-06-17.18.00'));
INSERT INTO PrivateMessage VALUES(815333675,'KP67L3T8L82SCW3D1V1SBWCH9VATIHKYEXIKPR89CHE241LTPT',218767304,854480438,TimeStamp('2013-10-22-15.51.00'),TimeStamp('2013-10-22-15.51.00'));
INSERT INTO PrivateMessage VALUES(654969339,'WGCSNDTA12CA8PLW3VKYK2FC3PK8J6OOV2JZB1RQFAJA0XZQ0Z',218767304,854480438,TimeStamp('2005-07-13-18.11.00'),TimeStamp('2005-07-13-18.11.00'));
INSERT INTO PrivateMessage VALUES(809984167,'Z4P98K5BJQTKNMM7J3PDSWHRLIGZ2DGL243ZUKPD6IHX7KCHOV',218767304,854480438,TimeStamp('2012-11-22-20.05.00'),TimeStamp('2012-11-22-20.05.00'));
INSERT INTO PrivateMessage VALUES(779926400,'PG2W79AIL4KSAKJERY7Q5S6Y4MWKICMA5Q2PK1DFNMH73X48WS',218767304,854480438,TimeStamp('2002-04-16-09.33.00'),TimeStamp('2002-04-16-09.33.00'));
INSERT INTO PrivateMessage VALUES(776328776,'V0PEQCCD2PV1KWKJ9SYETSVFDD1Q6HUIXBBVOHWNXLM6GPUFZ7',739699897,873409324,TimeStamp('2004-01-10-10.04.00'),TimeStamp('2004-01-10-10.04.00'));
INSERT INTO PrivateMessage VALUES(135772583,'LW3YALP2XG3Z1487OLPZSEUATXE6T9KADEAQN2JKYA83QH7XDH',873409324,739699897,TimeStamp('2017-01-09-12.14.00'),TimeStamp('2017-01-09-12.14.00'));
INSERT INTO PrivateMessage VALUES(567972624,'HWBJRAM2XZ922YWQ8M206WRTXP9XJTZXZQIEV85S8ZPZZDCPZS',873409324,739699897,TimeStamp('2010-05-24-21.18.00'),TimeStamp('2010-05-24-21.18.00'));
INSERT INTO PrivateMessage VALUES(904129359,'VQZ0SW7Z2TTMQ5F3ILI7R1KW1ZVVJB6CTRTQQ5BMCCSM3MZGQZ',873409324,739699897,TimeStamp('2016-05-06-12.21.00'),TimeStamp('2016-05-06-12.21.00'));
INSERT INTO PrivateMessage VALUES(970819554,'9FXV1NMMVR7XMGZ4N7109NWCE0YG2RKYMFI8453OZAF9KI8CRJ',873409324,739699897,TimeStamp('2018-12-19-17.55.00'),TimeStamp('2018-12-19-17.55.00'));
INSERT INTO PrivateMessage VALUES(1048802316,'GVSR1W5UOV3Z0QXLGK51EIDLYMI6A1CRSM9UO06YE51EH8610I',873409324,739699897,TimeStamp('2004-02-21-13.14.00'),TimeStamp('2004-02-21-13.14.00'));
INSERT INTO PrivateMessage VALUES(665602712,'6S2I0IVJG4D1HQT3TO3L2UJIE97WGHBRACVIWDBAG555ZJI755',873409324,739699897,TimeStamp('2006-05-28-08.48.00'),TimeStamp('2006-05-28-08.48.00'));
INSERT INTO PrivateMessage VALUES(501990468,'7BE7L4Y567GWUV1JVGEUCS52N9GRUK8KBS1MBJBVOY3X19I2NL',873409324,739699897,TimeStamp('2003-01-19-18.52.00'),TimeStamp('2003-01-19-18.52.00'));
INSERT INTO PrivateMessage VALUES(863850364,'326AJ1Z8RFW3F4HLCVK9IBD9HPM1N21AGNHDGDY07AMT84FYUL',873409324,739699897,TimeStamp('2013-09-16-06.35.00'),TimeStamp('2013-09-16-06.35.00'));
INSERT INTO PrivateMessage VALUES(29995868,'LESXRJ0ZLRRC7WD6GVOAHHIPSSQ2VXOFQUTVAD8UO33SSGU3CU',873409324,739699897,TimeStamp('2006-11-01-00.22.00'),TimeStamp('2006-11-01-00.22.00'));
INSERT INTO PrivateMessage VALUES(767336629,'URXIRJKHUXEZ6J2TELUVZQ4CHYV2I2PD1RXAUR1YVJ1985BLYA',873409324,739699897,TimeStamp('2015-09-14-19.28.00'),TimeStamp('2015-09-14-19.28.00'));
INSERT INTO PrivateMessage VALUES(465105180,'313NUUOFYSPJ0NKXF7C1AO4Z7BRNFUK0CTIZLNT9P68YH1S6EL',873409324,739699897,TimeStamp('2015-09-03-00.29.00'),TimeStamp('2015-09-03-00.29.00'));
INSERT INTO PrivateMessage VALUES(653651381,'DDSARBZ0HIMR4HKJ5H5FWP8IW81W8R0NYWUJX2EUL8RB1KJZOF',873409324,739699897,TimeStamp('2014-04-13-16.41.00'),TimeStamp('2014-04-13-16.41.00'));
INSERT INTO PrivateMessage VALUES(734970436,'C2OYPQ1WQ6A2KPSHNW8TH1AYLHVD8TY2VB0HHSYOT1TKT555Z9',873409324,739699897,TimeStamp('2004-01-11-20.20.00'),TimeStamp('2004-01-11-20.20.00'));
INSERT INTO PrivateMessage VALUES(1071916059,'C98VV8AGQJFZRL1R13PNLBGD4A5HSEM4A1S5PZI88M5LHERSNT',873409324,739699897,TimeStamp('2000-07-18-21.19.00'),TimeStamp('2000-07-18-21.19.00'));
INSERT INTO PrivateMessage VALUES(915570255,'WYZK5PZUYIH41U3F3B13U69DFHA5UIMJ4QRBF30I4DFHFB71UF',873409324,739699897,TimeStamp('2000-04-24-03.06.00'),TimeStamp('2000-04-24-03.06.00'));
INSERT INTO PrivateMessage VALUES(611867619,'QK4K17XPM1FELTHZQLO2J9GA0CAWXPPW4JJRSQSNZIKWDFQW7M',873409324,739699897,TimeStamp('2014-09-18-09.59.00'),TimeStamp('2014-09-18-09.59.00'));
INSERT INTO PrivateMessage VALUES(852675033,'IV0P6WYEAG17I4QZ3KPUUIWF4D566ITKL5L0QOZHXQ4S3HEZNQ',873409324,739699897,TimeStamp('2014-09-15-18.55.00'),TimeStamp('2014-09-15-18.55.00'));
INSERT INTO PrivateMessage VALUES(821455252,'EMT0DZLNGZRBECT6QZ3WUA2MPGLECJNGGSP329XRRWXB0WUA9B',873409324,739699897,TimeStamp('2019-03-04-09.17.00'),TimeStamp('2019-03-04-09.17.00'));
INSERT INTO PrivateMessage VALUES(652072356,'MPDJJ0HL3WQYVT7NW8ZPO3E8IE5P7AIQA8WBF9GBJ5UYMX1RC5',873409324,739699897,TimeStamp('2010-06-15-15.20.00'),TimeStamp('2010-06-15-15.20.00'));
INSERT INTO PrivateMessage VALUES(843785211,'3UQUQ9GLY017ONW8PM0BMS5N76MVV0AA4XH0ZV4ALLIY9DXUSH',310484255,218767304,TimeStamp('2003-10-04-08.58.00'),TimeStamp('2003-10-04-08.58.00'));
INSERT INTO PrivateMessage VALUES(863689211,'HFTXHX2ZN60KZJZSQQCZPDYLYYOGNBR5MHJ6UCQCGTBKNUOMUF',544404605,508739761,TimeStamp('2007-12-22-18.00.00'),TimeStamp('2007-12-22-18.00.00'));
INSERT INTO PrivateMessage VALUES(284927354,'KYE9Y0CPNL8XZZEREB8ZXQC1G4TAQ6E61S2XFJFSBWTY2BRC2Q',508739761,544404605,TimeStamp('2003-02-28-23.37.00'),TimeStamp('2003-02-28-23.37.00'));
INSERT INTO PrivateMessage VALUES(825368187,'1Y8CBI5K2IWG0MTKNXV036BK49KTL2YJRPAAZRMW40J28P5GBY',508739761,544404605,TimeStamp('2005-01-05-18.41.00'),TimeStamp('2005-01-05-18.41.00'));
INSERT INTO PrivateMessage VALUES(100627308,'8OD21C5YA7OKMWE5QXD9LAU687DHEUBD1VPXZAM2WJX22W4JVW',508739761,544404605,TimeStamp('2016-08-06-22.29.00'),TimeStamp('2016-08-06-22.29.00'));
INSERT INTO PrivateMessage VALUES(495489242,'AD1BI5OW2AKWVWU439OAB994ZEFMRMTEXWXYIVIFTMQJOSPDGO',508739761,544404605,TimeStamp('2012-01-19-14.37.00'),TimeStamp('2012-01-19-14.37.00'));
INSERT INTO PrivateMessage VALUES(480660337,'E7B8M6Y9M0IZN492CEJ98YSO7X5R1VRC18NMG6ZKIC1JDQHVVP',508739761,544404605,TimeStamp('2002-01-21-06.47.00'),TimeStamp('2002-01-21-06.47.00'));
INSERT INTO PrivateMessage VALUES(687687439,'3TSLCKZ8YIMGYVGJIWM9T9XKBX2PIF80OK8SZF3GPKWUFTZ3N4',508739761,544404605,TimeStamp('2007-01-11-04.05.00'),TimeStamp('2007-01-11-04.05.00'));
INSERT INTO PrivateMessage VALUES(1095687,'OK6VEINDRS4ZB9NG159OMQ1KDR5C0L20BA9CMFVQTYRU8WV52W',508739761,544404605,TimeStamp('2011-08-17-18.06.00'),TimeStamp('2011-08-17-18.06.00'));
INSERT INTO PrivateMessage VALUES(991527620,'PAFX41UZVFCXDQIMRVWIF6BT6NX7DYEYI29JJPIHPNT6CFB4QH',508739761,544404605,TimeStamp('2018-03-02-14.23.00'),TimeStamp('2018-03-02-14.23.00'));
INSERT INTO PrivateMessage VALUES(138390567,'YLN96494U0G0ZDUUU80LSTA5TUKVBLDBC0ID2B3DI0PI7Y1U35',508739761,544404605,TimeStamp('2005-05-02-16.33.00'),TimeStamp('2005-05-02-16.33.00'));
INSERT INTO PrivateMessage VALUES(405771946,'ZLPMIVV00YI0BIIJHP9HQOCJ0F19GVYWRH6XQ7R6JC232AW1ZW',508739761,544404605,TimeStamp('2007-12-01-01.42.00'),TimeStamp('2007-12-01-01.42.00'));
INSERT INTO PrivateMessage VALUES(1035329628,'IYTPD6K80MF6U11W2TUFF57GWE7RM4ZMFWL9HC6FXDTLA2EGCN',508739761,544404605,TimeStamp('2001-12-14-01.11.00'),TimeStamp('2001-12-14-01.11.00'));
INSERT INTO PrivateMessage VALUES(46060479,'G2CK9B4XU7WAU3UUI9DMFESEP1VNQ3MK16MEKDJTPEJQ74V8RX',508739761,544404605,TimeStamp('2014-10-12-10.26.00'),TimeStamp('2014-10-12-10.26.00'));
INSERT INTO PrivateMessage VALUES(212373167,'XQRH0CA0XEKDSFUGJLDGRR4DZNO5FENMWP1H4JT1VFA0SGI3HI',508739761,544404605,TimeStamp('2016-12-21-03.43.00'),TimeStamp('2016-12-21-03.43.00'));
INSERT INTO PrivateMessage VALUES(94923558,'I7RSO7QVXYREJJE5RYU3F1FBF0NOO54F3Q09Y0OJRPMWW2PKNN',508739761,544404605,TimeStamp('2002-01-09-06.01.00'),TimeStamp('2002-01-09-06.01.00'));
INSERT INTO PrivateMessage VALUES(561144829,'0L4HGBEOQHTCNFM89CGU93IP9Q6YJ35VZ254NQN26R0RMO4LOA',508739761,544404605,TimeStamp('2019-12-19-19.01.00'),TimeStamp('2019-12-19-19.01.00'));
INSERT INTO PrivateMessage VALUES(572980654,'FUGGLHWXWNL62P8OIEQMZADTAY64TD1DQD63LIYIRNRXPDB75V',854480438,326736162,TimeStamp('2010-06-22-19.45.00'),TimeStamp('2010-06-22-19.45.00'));
INSERT INTO PrivateMessage VALUES(609240559,'Y5FPW5L70JNOQSQSW40XZUFE7B6ZKMV18QG3B41RG2K1GBAMJN',326736162,854480438,TimeStamp('2009-10-11-11.47.00'),TimeStamp('2009-10-11-11.47.00'));
INSERT INTO PrivateMessage VALUES(931486266,'K4990U9D04JCZ9EE9AX45JY3YAH6HRSPIVZFPNAIASQQQOABLZ',326736162,854480438,TimeStamp('2005-01-11-18.51.00'),TimeStamp('2005-01-11-18.51.00'));
INSERT INTO PrivateMessage VALUES(276522174,'TBX3I7TS1TQ88SY9H9JIPEZ6IQ4MRY1OHR3FFMPW2UW6MOC5B8',326736162,854480438,TimeStamp('2000-05-26-23.55.00'),TimeStamp('2000-05-26-23.55.00'));
INSERT INTO PrivateMessage VALUES(1003749051,'XYZARUSM3G6NUWZ4V4WBKYTZ7VBGQMPFC81WUAWAAOQBTF7GRQ',326736162,854480438,TimeStamp('2013-12-13-22.21.00'),TimeStamp('2013-12-13-22.21.00'));
INSERT INTO PrivateMessage VALUES(167121146,'Q6E338ELTNZ5O75H6C82TI3UDKUNX0EL7OVU068G8K8K5NV6JD',326736162,854480438,TimeStamp('2007-07-18-05.02.00'),TimeStamp('2007-07-18-05.02.00'));
INSERT INTO PrivateMessage VALUES(346477894,'B1UU5GKQBBSQ34DWAIHA4D5Z8360WEXQW5UYK25IZ5IO7KRA2C',326736162,854480438,TimeStamp('2002-04-10-16.28.00'),TimeStamp('2002-04-10-16.28.00'));
INSERT INTO PrivateMessage VALUES(198740160,'8ZV1MGSML646T478436C391RVWTZ2U0SEC6BCNI3E39IFN9OMI',326736162,854480438,TimeStamp('2017-01-18-01.21.00'),TimeStamp('2017-01-18-01.21.00'));
INSERT INTO PrivateMessage VALUES(63376849,'4GLEQQ5WMTTJG1T55CWNK3VTHSIYF00TNFZDF19L2YLO00WRHX',326736162,854480438,TimeStamp('2006-04-24-03.06.00'),TimeStamp('2006-04-24-03.06.00'));
INSERT INTO PrivateMessage VALUES(282263147,'TCYHGY3QQ1QJMPEGX3EDVEBEU1FIDCIDGPPSBME8VTR9ZH3MQO',326736162,854480438,TimeStamp('2013-04-05-00.16.00'),TimeStamp('2013-04-05-00.16.00'));
INSERT INTO PrivateMessage VALUES(977945375,'2NCAPUSQDSQJCSBS6820H0NXMTE7KXLZG8T4O7BPAZ3C70OXLM',326736162,854480438,TimeStamp('2004-02-20-19.16.00'),TimeStamp('2004-02-20-19.16.00'));
INSERT INTO PrivateMessage VALUES(791065101,'XSKIIPJU3FNV0MAWN20AR2BQI2SY926GYQZW3XX4W7IWXUHQJJ',326736162,854480438,TimeStamp('2004-03-15-09.14.00'),TimeStamp('2004-03-15-09.14.00'));
INSERT INTO PrivateMessage VALUES(742087322,'MMOIWAXCNQSAKU36KIZ39M8088TCQRO2XHJWM23MQSS677CO9E',326736162,854480438,TimeStamp('2007-12-04-11.48.00'),TimeStamp('2007-12-04-11.48.00'));
INSERT INTO PrivateMessage VALUES(512506022,'VFL6IDJ1F7DB50AK9HXMW55I7DTDQPLAAEO7WP76W88M6OQS8P',326736162,854480438,TimeStamp('2010-09-02-12.12.00'),TimeStamp('2010-09-02-12.12.00'));
INSERT INTO PrivateMessage VALUES(522836946,'MIODLOD1ZW5ZKHG74BKQNL6K0FG63LGLCOQ8GQEC6AJ6HVTLFA',326736162,854480438,TimeStamp('2014-10-07-13.37.00'),TimeStamp('2014-10-07-13.37.00'));
INSERT INTO PrivateMessage VALUES(1045744127,'8WLJQ5AO444DI0EHTYD9ODKTORCSK0NLHULU25WD1WJ8AAVTAB',326736162,854480438,TimeStamp('2006-09-22-02.08.00'),TimeStamp('2006-09-22-02.08.00'));
INSERT INTO PrivateMessage VALUES(676066103,'X6491419M3Z88Z9929P7U4484PFH7UMXAKPF8RZFP6BBY6SR42',326736162,854480438,TimeStamp('2005-08-13-17.55.00'),TimeStamp('2005-08-13-17.55.00'));
INSERT INTO PrivateMessage VALUES(93241854,'TLO2628A3FN7T4MEID7V3YKG3PGKS8GFYLH9PKYP15XBF42D39',326736162,854480438,TimeStamp('2012-07-15-03.32.00'),TimeStamp('2012-07-15-03.32.00'));
INSERT INTO PrivateMessage VALUES(403774143,'BUMCAH24N32JTFGMSILAETBXO6V32MLE0VAL5DFNNO30XT8R5H',326736162,854480438,TimeStamp('2000-12-17-14.43.00'),TimeStamp('2000-12-17-14.43.00'));
INSERT INTO PrivateMessage VALUES(750557847,'E2F5YHCARU1DH789CTWZM1QIZUDS60I1K0S38V8F7DAREXP7SJ',326736162,854480438,TimeStamp('2009-05-23-18.02.00'),TimeStamp('2009-05-23-18.02.00'));
INSERT INTO PrivateMessage VALUES(229843348,'O4NJHAKZHDJQAI8TF68QCCX600DMBK79E0TIB48XF8QK2UYHRG',326736162,854480438,TimeStamp('2004-05-15-16.54.00'),TimeStamp('2004-05-15-16.54.00'));
INSERT INTO PrivateMessage VALUES(681695164,'MMCCY20F7JV483M94DTB628JEEGHJFUG1Y14LVI0RKXFJ3ZE0X',326736162,854480438,TimeStamp('2016-11-26-01.47.00'),TimeStamp('2016-11-26-01.47.00'));
INSERT INTO PrivateMessage VALUES(42104773,'HHD0O72294EJCF2I86KTH6MG72NNWR7FPO9OUQEHD9UNGL8ZD8',326736162,854480438,TimeStamp('2014-01-21-03.56.00'),TimeStamp('2014-01-21-03.56.00'));
INSERT INTO PrivateMessage VALUES(469643552,'XRXTPLDIVQRNZEX21UG13YW4TECWX0JUQJWDZU9S3KIJGZHIQQ',326736162,854480438,TimeStamp('2019-11-21-13.35.00'),TimeStamp('2019-11-21-13.35.00'));
INSERT INTO PrivateMessage VALUES(379644477,'R0LYF17C3HHH4MIF7JKDEOM3LAQN5XUYDR825ON83DBJGY4R7Q',326736162,854480438,TimeStamp('2005-06-15-18.23.00'),TimeStamp('2005-06-15-18.23.00'));
INSERT INTO PrivateMessage VALUES(1002214683,'XK6IU3PYT9OC1051LCUO59PJOZ4DCAQ0DFV08QDDXDKW65W9UK',326736162,854480438,TimeStamp('2006-03-25-10.24.00'),TimeStamp('2006-03-25-10.24.00'));
INSERT INTO PrivateMessage VALUES(264836423,'XCNA1PZRUTUPJZ2FXFPSYFAT83K03TWK08GRW8LH4FU1N190M0',326736162,854480438,TimeStamp('2013-05-13-15.23.00'),TimeStamp('2013-05-13-15.23.00'));
INSERT INTO PrivateMessage VALUES(191776859,'S1M8BWO367GH5LS3FJMWQUWK1KI6T7JKSKTVH7SGT9UHJQ0UI3',326736162,854480438,TimeStamp('2007-08-02-07.00.00'),TimeStamp('2007-08-02-07.00.00'));
INSERT INTO PrivateMessage VALUES(1042033342,'RUGHVPNE8BSORBGZUE2KW4QVC2PSP44RMHRRA9LJANDPITIQ1A',209990282,310484255,TimeStamp('2003-02-10-11.51.00'),TimeStamp('2003-02-10-11.51.00'));
INSERT INTO PrivateMessage VALUES(27576864,'7EQ54K2CX2L2X8R5GGJM3MJDARWEB31TTR2TH74SVTLBB12BCK',310484255,209990282,TimeStamp('2014-10-22-14.08.00'),TimeStamp('2014-10-22-14.08.00'));
INSERT INTO PrivateMessage VALUES(866227098,'05JETISUC7RNR3M0STZY1I614GAYWBY82F6ENNSP10IYO75CFD',310484255,209990282,TimeStamp('2011-11-06-14.07.00'),TimeStamp('2011-11-06-14.07.00'));
INSERT INTO PrivateMessage VALUES(632653756,'RPV9XYEZSZZCCAYJN7THPXDZBVSR4Q8RXCS9FLIZQ4TVZ6QCPH',310484255,209990282,TimeStamp('2007-01-28-09.45.00'),TimeStamp('2007-01-28-09.45.00'));
INSERT INTO PrivateMessage VALUES(666489534,'5BRTM7HQIRJYV2TSBQJRD6PCT4XMMI1JZYG27OOZBPOH2KGFKC',310484255,209990282,TimeStamp('2015-07-20-07.39.00'),TimeStamp('2015-07-20-07.39.00'));
INSERT INTO PrivateMessage VALUES(685982790,'1M1A0PXJ6DV1BIYZ54WWTIR9DB371VYG47TZCOKZ3IE1RIRO6I',310484255,209990282,TimeStamp('2005-06-17-22.02.00'),TimeStamp('2005-06-17-22.02.00'));
INSERT INTO PrivateMessage VALUES(551450568,'J2J1ZFLUA73OWWWY0B349W7YLCKGOLS14ZEIRJRSSW5UCIK9XM',310484255,209990282,TimeStamp('2015-07-24-14.58.00'),TimeStamp('2015-07-24-14.58.00'));
INSERT INTO PrivateMessage VALUES(869532525,'PVO63YJ6A3W9IZEKFVQX6QB72R5O4G6O84HU9HQVCA29W9VI30',310484255,209990282,TimeStamp('2005-10-03-00.23.00'),TimeStamp('2005-10-03-00.23.00'));
INSERT INTO PrivateMessage VALUES(367662988,'HQPO771CV674TIXM0M48WASXQ3YYGZGHJYO4T2WSE0VO5S929N',310484255,209990282,TimeStamp('2019-04-17-19.06.00'),TimeStamp('2019-04-17-19.06.00'));
INSERT INTO PrivateMessage VALUES(268511874,'GVF6Q5SHTE0HT53SPXFWG430IWOLZNJFELWA65HCFAVE9I9O0Y',310484255,209990282,TimeStamp('2000-01-04-15.42.00'),TimeStamp('2000-01-04-15.42.00'));
INSERT INTO PrivateMessage VALUES(768828685,'KH7YI07FKBKJN7RJQXJHH2TOQ3I44BHE314HNV8355JHKJFHAW',310484255,209990282,TimeStamp('2017-05-20-04.57.00'),TimeStamp('2017-05-20-04.57.00'));
INSERT INTO PrivateMessage VALUES(410328692,'UTHHV17R3HOK7OC7QYPN4Z61M4IWBPTP9VC0E2LNBM47KO4QNX',310484255,209990282,TimeStamp('2004-10-16-13.37.00'),TimeStamp('2004-10-16-13.37.00'));
INSERT INTO PrivateMessage VALUES(308800347,'5SODWIT7ZIJOAV1X4R3XNCAX9SVOFWVETJ812L0K301V84ABIG',310484255,209990282,TimeStamp('2009-07-01-15.32.00'),TimeStamp('2009-07-01-15.32.00'));
INSERT INTO PrivateMessage VALUES(1032970538,'KHO60G0RJZW36ZHLKX1CUQ16GETGJXFC8UNVOMO3BBBY0MY0DH',310484255,209990282,TimeStamp('2002-07-12-14.52.00'),TimeStamp('2002-07-12-14.52.00'));
INSERT INTO PrivateMessage VALUES(369297920,'V6J9A90Q9N2Y3OP4ZQNVYTILIJWRJG65NIWJ6W6R7KGONC1BIH',310484255,209990282,TimeStamp('2001-05-04-08.41.00'),TimeStamp('2001-05-04-08.41.00'));
INSERT INTO PrivateMessage VALUES(876763056,'VGIPGWP8JPOCI8SIX0FCFTT9WHBLW66XAMMNYTJ841PBPO1QKG',310484255,209990282,TimeStamp('2008-03-23-08.04.00'),TimeStamp('2008-03-23-08.04.00'));
INSERT INTO PrivateMessage VALUES(768089470,'H0STP67L8LABRGOPTORNLX5YO9OCT26XYM1UOU3IGOFNQFXTPS',310484255,209990282,TimeStamp('2015-03-21-21.37.00'),TimeStamp('2015-03-21-21.37.00'));
INSERT INTO PrivateMessage VALUES(305583723,'DFFSR1DFDIFSLQBBTABVLB8IVJNBBT0Y1VLEADO343K1CG989W',310484255,209990282,TimeStamp('2014-12-03-08.29.00'),TimeStamp('2014-12-03-08.29.00'));
INSERT INTO PrivateMessage VALUES(159709291,'9JTVRSZDJ5JQ0LXBEHW8LAFX15JT71QSDPDIUONXUHWH73V6TY',310484255,209990282,TimeStamp('2016-11-05-22.59.00'),TimeStamp('2016-11-05-22.59.00'));
INSERT INTO PrivateMessage VALUES(531045775,'3VWQ58KZOPOUZ6UFIDUJLS0FU8C8CJDFWB4WA7OKL6KR12DSBI',310484255,209990282,TimeStamp('2010-06-28-16.55.00'),TimeStamp('2010-06-28-16.55.00'));
INSERT INTO PrivateMessage VALUES(1017400656,'38IZGV555FQPYLY1GW1BHYVP34GC1HZN61IBI4I6TQZ2AVSV5C',310484255,209990282,TimeStamp('2003-01-26-03.45.00'),TimeStamp('2003-01-26-03.45.00'));
INSERT INTO PrivateMessage VALUES(695978161,'55T4BZ1Y5A8Y8ZP5GR5KVBT3C47PWB5351P9NOO397SMGYBCOQ',310484255,209990282,TimeStamp('2005-09-11-09.30.00'),TimeStamp('2005-09-11-09.30.00'));
INSERT INTO PrivateMessage VALUES(358785161,'DS2ICZQSTYD3XUL5EVWZBNG0YO4KUF1WI5QDH85BVIS40QUZ58',310484255,209990282,TimeStamp('2011-02-18-17.12.00'),TimeStamp('2011-02-18-17.12.00'));
INSERT INTO PrivateMessage VALUES(282768199,'YY7Z69QCBEZ49UX9INB4789AW68OPTN6I7MH154EKSQT73L1VE',310484255,209990282,TimeStamp('2010-10-18-09.08.00'),TimeStamp('2010-10-18-09.08.00'));
INSERT INTO PrivateMessage VALUES(1047948763,'HJL6KU743SZ8ZK9CK79UROD5ZMV5Z7Y7YOIW9ED8M6P2DHDLEF',310484255,209990282,TimeStamp('2012-08-12-09.04.00'),TimeStamp('2012-08-12-09.04.00'));
INSERT INTO PrivateMessage VALUES(437595785,'4MMSZDEXALYQL4N13V1CHI5JUDZHRC0QDIPKGJMJX8S3V5YPP7',739699897,508739761,TimeStamp('2008-11-09-04.54.00'),TimeStamp('2008-11-09-04.54.00'));
INSERT INTO PrivateMessage VALUES(370167122,'6TJAFOF8RNMOXXWGLMAQQLERRB8SH0RDH3NX47SFYOUTT1S0Y5',508739761,739699897,TimeStamp('2009-07-16-08.33.00'),TimeStamp('2009-07-16-08.33.00'));
INSERT INTO PrivateMessage VALUES(727305495,'Z50GMSMV8JJV3EHQNKLGTFVCOHGSA1YNUYYREF4BKQETEFHUGX',508739761,739699897,TimeStamp('2004-11-17-04.26.00'),TimeStamp('2004-11-17-04.26.00'));
INSERT INTO PrivateMessage VALUES(475576559,'XZFTUGAIIX49ELEOLINX7E16JIISW8M4PJSDWC9RLF4J8IHLMS',508739761,739699897,TimeStamp('2005-07-18-12.18.00'),TimeStamp('2005-07-18-12.18.00'));
INSERT INTO PrivateMessage VALUES(349655772,'VQYUWTC3V7I6KXC349DXAOZPMO854ZM5UT1WA87VYEPPT2APZU',508739761,739699897,TimeStamp('2006-06-12-03.56.00'),TimeStamp('2006-06-12-03.56.00'));
INSERT INTO PrivateMessage VALUES(730402469,'C1JNP1LOCZ0I1WQXN3KMUTB0AX9S6BDR94MLR21HLJG5WHP6RD',508739761,739699897,TimeStamp('2017-05-10-03.12.00'),TimeStamp('2017-05-10-03.12.00'));
INSERT INTO PrivateMessage VALUES(412058760,'JJIW7E44G11T5KPZXJ8V84WFULD5H9V8WX157FF9LZIAHO489H',508739761,739699897,TimeStamp('2004-05-24-03.46.00'),TimeStamp('2004-05-24-03.46.00'));
INSERT INTO PrivateMessage VALUES(414734682,'FN2LC5PCF22RY17S549N6TNXWC7VXDVRH59E7XXH9QAAR5ZSRB',508739761,739699897,TimeStamp('2004-07-15-16.54.00'),TimeStamp('2004-07-15-16.54.00'));
INSERT INTO PrivateMessage VALUES(345127370,'4ARC9TEV3WI05MUY3J7C78UP8PYIDMMM96793ZDUW1NPAC4DCU',508739761,739699897,TimeStamp('2003-05-13-18.37.00'),TimeStamp('2003-05-13-18.37.00'));
INSERT INTO PrivateMessage VALUES(806688723,'EIRM91ZAU23UVJUVL07BNC9HF3QL9NCK718XU110PD3VZHIU8A',508739761,739699897,TimeStamp('2009-06-14-02.00.00'),TimeStamp('2009-06-14-02.00.00'));
INSERT INTO PrivateMessage VALUES(610048112,'9DRYX7VIR9V9I8UFBDW72RBUH5QTIUMZ9697LK6SEK3QN4KS2U',508739761,739699897,TimeStamp('2017-08-07-10.03.00'),TimeStamp('2017-08-07-10.03.00'));
INSERT INTO PrivateMessage VALUES(662624440,'7MN06DAXSPBXNQ9YDH23XCC3CZVZDSJHD53LKZDSI4JNHFSRBH',508739761,739699897,TimeStamp('2016-01-13-05.13.00'),TimeStamp('2016-01-13-05.13.00'));
INSERT INTO PrivateMessage VALUES(302134137,'W1FULV3W5L17BXU5MQCD7ND8K1QXIFHS3I6T4GNYCPJOKYK3GD',209990282,854480438,TimeStamp('2012-02-24-17.08.00'),TimeStamp('2012-02-24-17.08.00'));
INSERT INTO PrivateMessage VALUES(905327391,'J0T7MXH9X8GGY4CPTF55A61AKKVTU98SVNMKLSCQBECAAMQA9T',854480438,209990282,TimeStamp('2017-01-26-06.33.00'),TimeStamp('2017-01-26-06.33.00'));
INSERT INTO PrivateMessage VALUES(743729033,'UBI98DM73YVRBPK2S7U76XHYDUDM2BOMDLMYT7PY2TQUUWR3G2',854480438,209990282,TimeStamp('2015-12-17-12.13.00'),TimeStamp('2015-12-17-12.13.00'));
INSERT INTO PrivateMessage VALUES(215915646,'YPJXVC6GRH9OCDGBO47ZPIY817ZQYOVF5O8GSG6P3VNT52XJKZ',854480438,209990282,TimeStamp('2004-11-13-07.14.00'),TimeStamp('2004-11-13-07.14.00'));
INSERT INTO PrivateMessage VALUES(29518050,'NY6MXG2JUMUMXJZBK18R406WZQJIP9VFPUDSDYNKU0SE299J8F',854480438,209990282,TimeStamp('2013-01-02-04.59.00'),TimeStamp('2013-01-02-04.59.00'));
INSERT INTO PrivateMessage VALUES(1013669016,'UBOSIM93RSTJZ159V63H4M6I9UM9TI5KB91TA6WYUFV8C8FMWN',854480438,209990282,TimeStamp('2019-04-20-22.52.00'),TimeStamp('2019-04-20-22.52.00'));
INSERT INTO PrivateMessage VALUES(14189168,'JRD9LBS5D3QUS594BGZXP45I42XGDNKI84G4J6A8KDCZXKJGAI',854480438,209990282,TimeStamp('2011-05-16-01.20.00'),TimeStamp('2011-05-16-01.20.00'));
INSERT INTO PrivateMessage VALUES(624071050,'M77OWZQ42NRI8K5FFRWKSV15H0W12GPVQL3O59ELIC4ZL95HL0',854480438,209990282,TimeStamp('2015-06-04-21.39.00'),TimeStamp('2015-06-04-21.39.00'));
INSERT INTO PrivateMessage VALUES(953511746,'VTLIZTN41JI7EH7FKP3BDDM7RFWNR6BSNX666US3T95235NLRD',854480438,209990282,TimeStamp('2001-08-06-23.26.00'),TimeStamp('2001-08-06-23.26.00'));
INSERT INTO PrivateMessage VALUES(457002237,'JTKKM8N7WOU65VN3195QEK8LLJ72GS9Y1MZM75ZH6OPVHOGV9V',854480438,209990282,TimeStamp('2010-07-16-10.18.00'),TimeStamp('2010-07-16-10.18.00'));
INSERT INTO PrivateMessage VALUES(490936199,'N4GX6H9QHW52GTZ87OQLFZGX3I6Z7VJVWGGOI4XFHY37CA090J',854480438,209990282,TimeStamp('2005-11-17-19.36.00'),TimeStamp('2005-11-17-19.36.00'));
INSERT INTO PrivateMessage VALUES(1026253900,'HWE18PC6ZYX614T2I6YTHSLBRS0AUQ1PQBY2WPT1UXGPVL7RWB',854480438,209990282,TimeStamp('2011-08-10-09.55.00'),TimeStamp('2011-08-10-09.55.00'));
INSERT INTO PrivateMessage VALUES(713210032,'65J4R7N202APRS6UTS1GTP26K3TX35NBDYOBR07MYD9YXVO10B',854480438,209990282,TimeStamp('2017-04-13-10.35.00'),TimeStamp('2017-04-13-10.35.00'));
INSERT INTO PrivateMessage VALUES(1038661441,'9Q2KY3IGMK56IS6XAIYT1VJ0VIMULSK808CXHYIG99CAEEWG8X',854480438,209990282,TimeStamp('2004-08-07-03.54.00'),TimeStamp('2004-08-07-03.54.00'));
INSERT INTO PrivateMessage VALUES(913143936,'39CRS3M7OX47EFP07XTDVZBYLFIR9Q9PZUCASZ3D3W5F57M9Q2',854480438,209990282,TimeStamp('2005-03-04-12.03.00'),TimeStamp('2005-03-04-12.03.00'));
INSERT INTO PrivateMessage VALUES(1031629499,'3HS9FZRMQF306F1M90UFN9B5GPQKZRJBK9EY4OKR6W0LN2IP3V',854480438,209990282,TimeStamp('2016-07-22-05.12.00'),TimeStamp('2016-07-22-05.12.00'));
INSERT INTO PrivateMessage VALUES(663132143,'E8F9LSM2QAWXGCYGAEBHKGD42ZIXZDE4LKYC1AWJ8UA2W14SJS',854480438,209990282,TimeStamp('2014-09-03-10.25.00'),TimeStamp('2014-09-03-10.25.00'));
INSERT INTO PrivateMessage VALUES(336369316,'XARFD48OEKLGLBPM0YKPLR9798PEIPPSDGJ83SN9N7IYF59W6K',854480438,209990282,TimeStamp('2000-07-11-15.45.00'),TimeStamp('2000-07-11-15.45.00'));
INSERT INTO PrivateMessage VALUES(1030658659,'ZVCKZGD1M6ODERSXWOJ658EZH3EVZCAVKYPBZOFWBVRVOP0MGO',854480438,209990282,TimeStamp('2016-10-18-19.12.00'),TimeStamp('2016-10-18-19.12.00'));
INSERT INTO PrivateMessage VALUES(911844713,'M85K8GZ173DPMLUFNUWF5K2IYAZILMNVV974ON6NZ5Y7F6X81B',854480438,209990282,TimeStamp('2001-06-17-01.45.00'),TimeStamp('2001-06-17-01.45.00'));
INSERT INTO PrivateMessage VALUES(426470038,'OXE2V47F6CFNLHT9O5WJ4Q34E4OYQPNBTHQ5F8B2PZ1NHBDX5E',854480438,209990282,TimeStamp('2019-12-20-16.21.00'),TimeStamp('2019-12-20-16.21.00'));
INSERT INTO PrivateMessage VALUES(131156016,'MWI2WLJRFM5X4DM1CZ6G5STNEDGKUHQGMKO1FG61PAPVZ6RD74',854480438,209990282,TimeStamp('2003-12-23-17.03.00'),TimeStamp('2003-12-23-17.03.00'));
INSERT INTO PrivateMessage VALUES(13593346,'V40S3HPIB885PV84WSYNZEV6JYIXIQKMMMTN5LU0MPMIPLGRSB',854480438,209990282,TimeStamp('2005-09-26-07.46.00'),TimeStamp('2005-09-26-07.46.00'));
INSERT INTO PrivateMessage VALUES(996398515,'KNTIVBPA1XVPYJIWT11HSMEWPXYRGTZT3S89PJK74RMQXXKBB3',544404605,218767304,TimeStamp('2014-11-04-22.31.00'),TimeStamp('2014-11-04-22.31.00'));
INSERT INTO PrivateMessage VALUES(779087241,'2ZLEYBCBEEXD629KBY9YX7QZFQVDJ80ILVDFXMOY2Q0VPGZLUF',218767304,544404605,TimeStamp('2012-01-13-08.20.00'),TimeStamp('2012-01-13-08.20.00'));
INSERT INTO PrivateMessage VALUES(426766262,'J5PJKLUNQG1UDVEBCSBIHC0DYTSCMDMS7JUHZJBP17YVV7PTL2',218767304,544404605,TimeStamp('2019-08-19-17.19.00'),TimeStamp('2019-08-19-17.19.00'));
INSERT INTO PrivateMessage VALUES(613037154,'ZNUPBQCE62DSC2OOBAW12JNZ6GO5AJL1J3FKG73BJI5WOD2YIB',218767304,544404605,TimeStamp('2013-06-21-10.59.00'),TimeStamp('2013-06-21-10.59.00'));
INSERT INTO PrivateMessage VALUES(1046204287,'KA73V9Q2XQ6OZRDXR5X5E47O13RA50NQNL1B0J4IVCNI7TOUB8',218767304,544404605,TimeStamp('2018-02-22-12.36.00'),TimeStamp('2018-02-22-12.36.00'));
INSERT INTO PrivateMessage VALUES(125577770,'VQGHKZ0OFCZ3Z7W2M30ZXMQMZMD14GOVW1Q1S6PQ4S8XGGAIS1',218767304,544404605,TimeStamp('2012-09-17-17.04.00'),TimeStamp('2012-09-17-17.04.00'));
INSERT INTO PrivateMessage VALUES(23790788,'J4F6PAU3QAHEN9LJW0J014MPA1INO4RCMKNAVA9OQENONPRWSF',218767304,544404605,TimeStamp('2000-09-03-22.34.00'),TimeStamp('2000-09-03-22.34.00'));
INSERT INTO PrivateMessage VALUES(332989847,'A7H94MOUEKPKXDJBDDHY2J8P7MNDODJ089WD939QKFNC1EDLBT',218767304,544404605,TimeStamp('2001-06-13-23.42.00'),TimeStamp('2001-06-13-23.42.00'));
INSERT INTO PrivateMessage VALUES(1058036350,'PF8FIG6FALE32P8XBQJC0EL6OR2VDHK81MB2F8W26W5F4QDFUC',218767304,544404605,TimeStamp('2014-02-05-13.08.00'),TimeStamp('2014-02-05-13.08.00'));
INSERT INTO PrivateMessage VALUES(307735449,'T4T3IRD7O36413P07E3BS3CWZ02ZMPXWVXCSXK0WY98ZDD5FNY',218767304,544404605,TimeStamp('2012-12-20-14.39.00'),TimeStamp('2012-12-20-14.39.00'));
INSERT INTO PrivateMessage VALUES(536524583,'TXDR545L4NSGSRE0GZHETBP886HYXGJ4J1Z203C8YZN52CHFWY',218767304,544404605,TimeStamp('2011-03-16-06.39.00'),TimeStamp('2011-03-16-06.39.00'));
INSERT INTO PrivateMessage VALUES(877831898,'3680XZDA8BNR5VVIEI2TBS5WMIKU3BP75K58Z513PHZLFXWFBF',218767304,544404605,TimeStamp('2014-05-21-06.40.00'),TimeStamp('2014-05-21-06.40.00'));
INSERT INTO PrivateMessage VALUES(2372393,'42S6S4ARMELEBKX0EOJ1JRPJTCVRVZNM1UMRQ5PMMFG2FBFTKT',854480438,310484255,TimeStamp('2012-09-09-06.08.00'),TimeStamp('2012-09-09-06.08.00'));
INSERT INTO PrivateMessage VALUES(1002395997,'4JF8Z6C4N4UTJ6MWNAE6KWKU7VT3FUFXARI4C95I0AB5MUSTDQ',310484255,854480438,TimeStamp('2012-05-23-13.34.00'),TimeStamp('2012-05-23-13.34.00'));
INSERT INTO PrivateMessage VALUES(44230758,'UANV81D26LXV9E8QLKYV1CI1CWP0ER9T0VIEPULQQVXIEFSTOU',310484255,854480438,TimeStamp('2004-06-19-19.34.00'),TimeStamp('2004-06-19-19.34.00'));
INSERT INTO PrivateMessage VALUES(653185089,'Y6PDSV9IANDZ6UKVXUR4V7EUZVYNQOAA43RV9R8MZ915GICLW8',310484255,854480438,TimeStamp('2011-12-27-06.33.00'),TimeStamp('2011-12-27-06.33.00'));
INSERT INTO PrivateMessage VALUES(569218380,'8W6LPVRXCHEZTXH7T0ZS60YG4M12JTZ2U2RL8WAZ749HQLDVBX',310484255,854480438,TimeStamp('2005-09-05-01.17.00'),TimeStamp('2005-09-05-01.17.00'));
INSERT INTO PrivateMessage VALUES(87045217,'VMHY5YDJO0PCLYCMO98V9K3S69VJ9SV0HP8PRATM9Q0E0TBR88',310484255,854480438,TimeStamp('2004-02-14-00.38.00'),TimeStamp('2004-02-14-00.38.00'));
INSERT INTO PrivateMessage VALUES(987253956,'X7BUH7NHLKKFUZDLX6VZZH4SV9X87Y6LMJ63IVZWMJ7KWL502W',310484255,854480438,TimeStamp('2019-06-08-11.53.00'),TimeStamp('2019-06-08-11.53.00'));
INSERT INTO PrivateMessage VALUES(977768367,'SJOAQ984RGS5P9ID14VD0FFIW4TZL0QZYWNRCTDKQHAYZ6GQD6',310484255,854480438,TimeStamp('2008-06-22-00.45.00'),TimeStamp('2008-06-22-00.45.00'));
INSERT INTO PrivateMessage VALUES(50570585,'ALVBY1H27JQ20Z536NKBL3I68A6VTH6BKU3JRIIIJWCGNSAJG3',310484255,854480438,TimeStamp('2002-01-15-21.18.00'),TimeStamp('2002-01-15-21.18.00'));
INSERT INTO PrivateMessage VALUES(240897580,'VQNBLZHPAMB3AYTREMPI107JLUWFIU26Q7051371HL4O1ZD6K5',310484255,854480438,TimeStamp('2001-02-18-10.37.00'),TimeStamp('2001-02-18-10.37.00'));
INSERT INTO PrivateMessage VALUES(553919959,'WUQ4BYHECCJEWGH76EU7V8HOUFIJCSMX7WD5XLKLSREI0IQ6UD',310484255,854480438,TimeStamp('2000-06-02-12.43.00'),TimeStamp('2000-06-02-12.43.00'));
INSERT INTO PrivateMessage VALUES(766128251,'JQ64J8ITZ6CGOQBIDWLA1BO4M1AK70IVP3Y8CKMEPOVFKLB1HD',310484255,854480438,TimeStamp('2019-12-24-04.44.00'),TimeStamp('2019-12-24-04.44.00'));
INSERT INTO PrivateMessage VALUES(338027942,'W62G97MV4DM99GC1F29W08JAYOFV7P2UK37MR5WOPM2NRXOBAK',310484255,854480438,TimeStamp('2013-05-07-06.29.00'),TimeStamp('2013-05-07-06.29.00'));
INSERT INTO PrivateMessage VALUES(215222791,'MZ3TLVKQHCVFNBCDKC9Z5VG4LN3R3SRNPLYSV8CITB57JTKY76',310484255,854480438,TimeStamp('2018-09-07-04.27.00'),TimeStamp('2018-09-07-04.27.00'));
INSERT INTO PrivateMessage VALUES(589666556,'K9QTCIDHL7TGGQN3Q7N6DN9NEOXUI605TK776R9Y6RHR2YBXM8',310484255,854480438,TimeStamp('2008-01-10-14.17.00'),TimeStamp('2008-01-10-14.17.00'));
INSERT INTO PrivateMessage VALUES(767662984,'AU96K4EAIMZVPSLU7FSN6X6GNAB2TMX9LXM60YTQK8RKFF443S',310484255,854480438,TimeStamp('2016-09-23-13.05.00'),TimeStamp('2016-09-23-13.05.00'));
INSERT INTO PrivateMessage VALUES(241320188,'PM2P0H2DHWEN51MJOTX5IDEJNVKZBZNYX2EK482NM5G65D0NRD',310484255,854480438,TimeStamp('2019-01-28-09.23.00'),TimeStamp('2019-01-28-09.23.00'));
INSERT INTO PrivateMessage VALUES(823637206,'3YADSM0990GW4GTYOTGZQUAV6MJNASSWAN41SCY17456DAPSLU',310484255,854480438,TimeStamp('2001-11-15-17.15.00'),TimeStamp('2001-11-15-17.15.00'));
INSERT INTO PrivateMessage VALUES(696842110,'U7C1O3N9DFCQ8BFTXI20L8LZ31ZFI7I8N4K4FD3N6JKC0AA29O',310484255,854480438,TimeStamp('2011-10-07-07.48.00'),TimeStamp('2011-10-07-07.48.00'));
INSERT INTO PrivateMessage VALUES(152803455,'8REF2CJWKVC9NE49QP1GYYOUSEG2N8438SNH03DRP27KDSQ1WL',310484255,854480438,TimeStamp('2019-05-03-22.57.00'),TimeStamp('2019-05-03-22.57.00'));
INSERT INTO PrivateMessage VALUES(844327607,'BVAM8V2LHIWZQGKMEJE4TM7BSABCGC6W15OK8DRJQUSW47I6HK',310484255,854480438,TimeStamp('2014-05-21-15.42.00'),TimeStamp('2014-05-21-15.42.00'));
INSERT INTO PrivateMessage VALUES(326590256,'AVUC3QKOPC4P4X231HJ5UFPZNDAO0FTKMFDXJLOAS24T1N4Z0K',310484255,854480438,TimeStamp('2019-04-04-02.25.00'),TimeStamp('2019-04-04-02.25.00'));
INSERT INTO PrivateMessage VALUES(679372458,'OK0EZVBEFT7A0PMYV3HIP5UFK66A12Q6R3LHAW44WNQI0LLEVO',310484255,854480438,TimeStamp('2005-10-21-01.00.00'),TimeStamp('2005-10-21-01.00.00'));
INSERT INTO PrivateMessage VALUES(401248840,'SD0DI7H8HN766XIKVQRAJ9TVN3LRKTNQ9MN6W2B2JD90W7CPZP',310484255,854480438,TimeStamp('2012-01-03-14.13.00'),TimeStamp('2012-01-03-14.13.00'));
INSERT INTO PrivateMessage VALUES(229135376,'8NZT9VT2V03LBDDDFJFMIW74615Y5TXTMHEXZXFADE1BKTBBB6',310484255,854480438,TimeStamp('2008-08-25-22.37.00'),TimeStamp('2008-08-25-22.37.00'));
INSERT INTO PrivateMessage VALUES(762475669,'IUF81XCIZM3NXICO62Q34Y07DTXYSLRH6EILGPYLBII2T4EI5D',310484255,854480438,TimeStamp('2015-05-25-00.03.00'),TimeStamp('2015-05-25-00.03.00'));
INSERT INTO PrivateMessage VALUES(449777999,'EH4VD2WUHD7FLZVHX3GSOKPT4H8K2M5MWIZLJ6P6LQWNFABZCJ',310484255,854480438,TimeStamp('2010-10-11-23.32.00'),TimeStamp('2010-10-11-23.32.00'));
INSERT INTO PrivateMessage VALUES(396549242,'PMI8PCHKXUCJI8ZKY31CW1IGD31AN82SC912C20HC3X7ZTTGAW',310484255,854480438,TimeStamp('2005-08-01-15.12.00'),TimeStamp('2005-08-01-15.12.00'));
INSERT INTO PrivateMessage VALUES(395326357,'Q7WS1Z1RFXDQRFAYVACVGZNT228G934XTG8DUCKQTR8JCXUCEB',310484255,854480438,TimeStamp('2019-06-11-01.08.00'),TimeStamp('2019-06-11-01.08.00'));
INSERT INTO PrivateMessage VALUES(1005656016,'N60UMUL5JAB49IQR3UW70QQ7V2WBY4B6DOOEUWHSA9HGBY7BDM',310484255,544404605,TimeStamp('2011-10-04-07.16.00'),TimeStamp('2011-10-04-07.16.00'));
INSERT INTO PrivateMessage VALUES(465608966,'MLZ88N5E4BASONS64AZCYGTQAXBFQO67ZO7B8CNQ0D81WWEWBQ',544404605,310484255,TimeStamp('2009-04-25-17.58.00'),TimeStamp('2009-04-25-17.58.00'));
INSERT INTO PrivateMessage VALUES(438259794,'FE0EN2L7TEWURIVR6OWXERVC88YVY4U4P73ZXQ62B2M11GIBBP',544404605,310484255,TimeStamp('2017-10-18-04.45.00'),TimeStamp('2017-10-18-04.45.00'));
INSERT INTO PrivateMessage VALUES(943724509,'X8NKGJUK2IITRUPGXPXWHQL0MPETE0Y4QNYLQHEBJG625M1ILZ',544404605,310484255,TimeStamp('2007-07-18-15.11.00'),TimeStamp('2007-07-18-15.11.00'));
INSERT INTO PrivateMessage VALUES(919261658,'PU2VBEOFH5JR8TUC7V72WGRR2V25MF2MOWWGTLRVR8I6LLPY78',544404605,310484255,TimeStamp('2009-09-18-13.23.00'),TimeStamp('2009-09-18-13.23.00'));
INSERT INTO PrivateMessage VALUES(529053698,'HG4648F9ZDVCUKUL56LGWSFSQ19O6WNU4TNNQ61BILAI4OJVGV',544404605,310484255,TimeStamp('2015-02-06-11.47.00'),TimeStamp('2015-02-06-11.47.00'));
INSERT INTO PrivateMessage VALUES(705208418,'A3CGNVGT4Z5C14ODIY35BDJ6C767HYZHZ2F6P36C9DYWDBWK8P',544404605,310484255,TimeStamp('2002-12-24-06.22.00'),TimeStamp('2002-12-24-06.22.00'));
INSERT INTO PrivateMessage VALUES(148260246,'ZVMHPONZOF9UP1ZNXZJXD9NLDIKH23FRUIVYF9WTB28ESEMHJU',544404605,310484255,TimeStamp('2009-08-24-05.51.00'),TimeStamp('2009-08-24-05.51.00'));
INSERT INTO PrivateMessage VALUES(679332085,'O1VL921587AXGGP8DKBD483166Z8RKC6THQP766CJQT05RQR24',544404605,310484255,TimeStamp('2018-12-04-01.01.00'),TimeStamp('2018-12-04-01.01.00'));
INSERT INTO PrivateMessage VALUES(605893664,'8D2WIWE81VXFS7Q7LID9SIFRWS4BH1GLQ3A7KD5PWB8OOKY581',544404605,310484255,TimeStamp('2014-02-26-22.11.00'),TimeStamp('2014-02-26-22.11.00'));
INSERT INTO PrivateMessage VALUES(549164590,'72GZP9DWBLAHDWSQFDCE26V6YIS8FWGUYQDWA8352JLEWFSMW5',544404605,310484255,TimeStamp('2009-01-27-08.25.00'),TimeStamp('2009-01-27-08.25.00'));
INSERT INTO PrivateMessage VALUES(923276392,'GTAIVOVI5Q7E5DRNECJMSENAL5QS8ACKJK9N6LAACVT5V7C3R2',544404605,310484255,TimeStamp('2019-12-05-16.51.00'),TimeStamp('2019-12-05-16.51.00'));
INSERT INTO PrivateMessage VALUES(834246745,'DCKAXBO4VDK3OMCRXSIVZTJGTTR7T5F0FDKARB9HL6JKF43VGG',544404605,310484255,TimeStamp('2008-01-06-11.59.00'),TimeStamp('2008-01-06-11.59.00'));
INSERT INTO PrivateMessage VALUES(338907866,'VAE0A52R1PKXMPALC8WQLU2Y1VPWZFFG4OU56UMAEEP3Q1M1AP',544404605,310484255,TimeStamp('2019-09-07-23.36.00'),TimeStamp('2019-09-07-23.36.00'));
INSERT INTO PrivateMessage VALUES(5994689,'2QX9NICS8I3V1FDPO6HWNRNOOOAHXDW6HUQ6H89VDDSTSQE0SM',544404605,310484255,TimeStamp('2011-07-24-14.23.00'),TimeStamp('2011-07-24-14.23.00'));
INSERT INTO PrivateMessage VALUES(235452207,'Q9QLEM1I5KTHFOWQT9ZCVIUSV23N21KXKH428UZOPA089627FP',544404605,310484255,TimeStamp('2013-04-16-04.41.00'),TimeStamp('2013-04-16-04.41.00'));
INSERT INTO PrivateMessage VALUES(492664975,'HGNT89BT4HB7ZQY084Q2WJVRCWH2D1NAPP2AW06TT6GJWNAFYM',544404605,310484255,TimeStamp('2007-01-13-11.50.00'),TimeStamp('2007-01-13-11.50.00'));
INSERT INTO PrivateMessage VALUES(408605918,'GLMBWX1OCBGLDV92GOS008DR2ZG4ZKY86HVOZEQLX01B1H9YYU',544404605,310484255,TimeStamp('2001-09-01-21.08.00'),TimeStamp('2001-09-01-21.08.00'));
INSERT INTO PrivateMessage VALUES(134945311,'FI487KA0KXAEKDQ9UY409TTKR2VM6YE1DDAH8IPBGGVA0FGLFZ',544404605,310484255,TimeStamp('2006-06-06-02.03.00'),TimeStamp('2006-06-06-02.03.00'));
INSERT INTO PrivateMessage VALUES(306325597,'4TEZZ64MSL4CNUNJYMMVNU1TWMZ6RTG19IGV23INMYCLH59TKC',544404605,310484255,TimeStamp('2007-11-18-02.00.00'),TimeStamp('2007-11-18-02.00.00'));
INSERT INTO PrivateMessage VALUES(331044380,'OTAU7V1LXECFCTJ0FZ9TF1EY3DRUO74DEBDFQO0IYA1PNY5F03',544404605,310484255,TimeStamp('2000-04-09-10.40.00'),TimeStamp('2000-04-09-10.40.00'));
INSERT INTO PrivateMessage VALUES(208456918,'8C1573J0RLJHQCIEZH0777PGPVN1ZYN5A26TOB65DKZTCIFCBE',544404605,310484255,TimeStamp('2019-10-15-06.52.00'),TimeStamp('2019-10-15-06.52.00'));
INSERT INTO PrivateMessage VALUES(76936961,'D5I2BAN2TAO8I2ZWGFQOJKJW2MVW8H6GC4IGMPL9STX10EPITT',544404605,310484255,TimeStamp('2006-10-23-18.49.00'),TimeStamp('2006-10-23-18.49.00'));
INSERT INTO PrivateMessage VALUES(855671333,'1UJA7CSOR3CR7QZB0U7XP27BH2587CUTCX72M1JGGCCVWEHC6V',544404605,310484255,TimeStamp('2017-04-23-23.36.00'),TimeStamp('2017-04-23-23.36.00'));
INSERT INTO PrivateMessage VALUES(886372266,'KKBV5DOZ9SMH8YHFED6CD6B47J7XA3N1QZXPXKYL4J56I421BS',544404605,310484255,TimeStamp('2013-10-28-06.44.00'),TimeStamp('2013-10-28-06.44.00'));
INSERT INTO PrivateMessage VALUES(112374066,'NKIANLOEWCDHZNM9TJ1LPC0Z4M538KH6MEU21HI9HTSAAPAZYM',544404605,310484255,TimeStamp('2012-06-06-07.26.00'),TimeStamp('2012-06-06-07.26.00'));
INSERT INTO PrivateMessage VALUES(443880838,'8687HMRTK2YYMVMVRECOBSNR6XNZJYJO7HMIAUZ77Z6YNF34GL',544404605,310484255,TimeStamp('2007-08-13-14.36.00'),TimeStamp('2007-08-13-14.36.00'));
INSERT INTO PrivateMessage VALUES(743216080,'0BHN5SKU44SLV54KFYKYQ4ZU46L3NCX07FHUPG3L6G1J5JB2MI',544404605,310484255,TimeStamp('2014-05-20-10.00.00'),TimeStamp('2014-05-20-10.00.00'));
INSERT INTO PrivateMessage VALUES(957220872,'QQ9VWEZ2HHBJ5UY1AXLC8YITEZ28D4BVJCD9UWU00DXF6LQP0H',544404605,310484255,TimeStamp('2017-09-15-12.23.00'),TimeStamp('2017-09-15-12.23.00'));
INSERT INTO PrivateMessage VALUES(784341915,'JA4EK74D18AQUJ0P9GCJPH2SFO4O5NGWP9ZP9FKM54NP8D9JYX',544404605,310484255,TimeStamp('2015-11-16-09.27.00'),TimeStamp('2015-11-16-09.27.00'));
INSERT INTO PrivateMessage VALUES(58482069,'G5DU2Q1KK2SW4CYD80W3BCNIQSZ44IHZH6Y3776HTIDLO6HX5W',209990282,544404605,TimeStamp('2010-06-22-09.21.00'),TimeStamp('2010-06-22-09.21.00'));
INSERT INTO PrivateMessage VALUES(94173521,'URXHZJO5A7OI538IVL6H2UOSW382XMXXTABDLZ986QBU4WMV75',544404605,209990282,TimeStamp('2016-10-16-05.34.00'),TimeStamp('2016-10-16-05.34.00'));
INSERT INTO PrivateMessage VALUES(993659429,'FGKVB0DVT778WI3UJE5TRJ6WAKVV3D9IOSMRXHU76UCPESQ8VQ',544404605,209990282,TimeStamp('2002-04-28-21.17.00'),TimeStamp('2002-04-28-21.17.00'));
INSERT INTO PrivateMessage VALUES(866158253,'58I4J3AK70215T5DL1O8HG90933KDPDZK060UY7POKFEVGJUQG',544404605,209990282,TimeStamp('2017-11-01-06.24.00'),TimeStamp('2017-11-01-06.24.00'));
INSERT INTO PrivateMessage VALUES(895551327,'ZO2XIBMH08GOTK9B4SYT2V9FFUKLNWVWMRBXHXQNJ8UZ4TCV8C',544404605,209990282,TimeStamp('2013-06-05-13.39.00'),TimeStamp('2013-06-05-13.39.00'));
INSERT INTO PrivateMessage VALUES(1008861177,'YTLJVBWUM9Q3423K1DGB9G5SUSPOX6UD1HY7D1SNOLN2JK3GZ3',544404605,209990282,TimeStamp('2008-05-12-03.38.00'),TimeStamp('2008-05-12-03.38.00'));
INSERT INTO PrivateMessage VALUES(89069317,'KT0MKGP8JAFQRZK18A0XUBGDVUUS3E409A27D57CPCJ3B74Z60',544404605,209990282,TimeStamp('2007-12-19-07.28.00'),TimeStamp('2007-12-19-07.28.00'));
INSERT INTO PrivateMessage VALUES(989511104,'IAPA0DDMBUKNOI9QW9NQ6TJ7PWW2WQILHQ0Z6WSKU0O0Z9EWV0',544404605,209990282,TimeStamp('2011-04-18-17.53.00'),TimeStamp('2011-04-18-17.53.00'));
INSERT INTO PrivateMessage VALUES(470021573,'9J5G31QC41E674ZNHQT4QEI8YX0QSI04I1DUOY789385ASSRKO',310484255,326736162,TimeStamp('2001-09-04-13.04.00'),TimeStamp('2001-09-04-13.04.00'));
INSERT INTO PrivateMessage VALUES(760134291,'BK30JMBL6Q3TO0CEJHAMIS4X2J0E390BXVOOOOYCF0UIJXNMEY',326736162,310484255,TimeStamp('2013-07-11-08.43.00'),TimeStamp('2013-07-11-08.43.00'));
INSERT INTO PrivateMessage VALUES(552337233,'AVYLNRE7BT4ET5OZYXDC9P3XS1RB7OUEZZS7315E55SLE1AOMH',326736162,310484255,TimeStamp('2016-05-22-12.45.00'),TimeStamp('2016-05-22-12.45.00'));
INSERT INTO PrivateMessage VALUES(327477444,'A3HJY2JR8EIBWZCZOBPN9RRFPPGCYSZ6LG5D5BP58DZ2HEQSI4',326736162,310484255,TimeStamp('2014-08-13-00.33.00'),TimeStamp('2014-08-13-00.33.00'));
INSERT INTO PrivateMessage VALUES(536662237,'KL8MZ97FCQ7XSNRNENCPZR0JQETHU86FA066XIAW11XI2DG0KX',326736162,310484255,TimeStamp('2018-02-17-16.11.00'),TimeStamp('2018-02-17-16.11.00'));
INSERT INTO PrivateMessage VALUES(51717372,'5E5DVS64DABCF2QBCFKDQNERRRXPDR79SNR0AEQWMJDP9O3SNM',326736162,310484255,TimeStamp('2018-09-22-00.41.00'),TimeStamp('2018-09-22-00.41.00'));
INSERT INTO PrivateMessage VALUES(1068893045,'FPFHA87XFPVF0E68G07N6TIMB5P1UMTFGJGFHS8D7SC6ZD9TD2',326736162,310484255,TimeStamp('2008-11-15-05.48.00'),TimeStamp('2008-11-15-05.48.00'));
INSERT INTO PrivateMessage VALUES(608991648,'B908ZEUEEM1MLFHDLPVFE10C5044IN9L9KIWIXXSXXTQL7GQ3T',326736162,310484255,TimeStamp('2016-04-10-14.59.00'),TimeStamp('2016-04-10-14.59.00'));
INSERT INTO PrivateMessage VALUES(956317000,'N4Z5XI0WDDMSA4HM1G8JAVF12L9WWI1BBLGFKIRXAJXS7J4824',326736162,310484255,TimeStamp('2010-08-20-20.54.00'),TimeStamp('2010-08-20-20.54.00'));
INSERT INTO PrivateMessage VALUES(770904267,'X21B5GSFPWAF5BRNJP35EWGIF137J2CZGDT8GJA4KRIRNSX3WZ',326736162,310484255,TimeStamp('2002-01-16-19.07.00'),TimeStamp('2002-01-16-19.07.00'));
INSERT INTO PrivateMessage VALUES(77107363,'BEHTX2VLF5VPLQOMFIEAF7ME6TAZI4TGJJ77F2V8KTBC61A62G',326736162,310484255,TimeStamp('2001-04-07-03.42.00'),TimeStamp('2001-04-07-03.42.00'));
INSERT INTO PrivateMessage VALUES(750861380,'8GHM90FXHCP9Y9BE8ZCKPWZ60S96SPW8EPYD5HTDZ3CBUEB73Z',326736162,310484255,TimeStamp('2009-08-26-21.28.00'),TimeStamp('2009-08-26-21.28.00'));
INSERT INTO PrivateMessage VALUES(116026376,'B09GJO3QD087FW9UXRK56DN7INIA09985MPXD27U6A3K50X8UZ',326736162,310484255,TimeStamp('2011-09-08-18.32.00'),TimeStamp('2011-09-08-18.32.00'));
INSERT INTO PrivateMessage VALUES(681685797,'MGBAZN5Y2LPKU3FQN3SJZG9FPUUER144FXKAT7KJLN8PB4KLOQ',326736162,310484255,TimeStamp('2000-02-05-00.36.00'),TimeStamp('2000-02-05-00.36.00'));
INSERT INTO PrivateMessage VALUES(729859427,'CBZDS2EL0HH5L2O7HA9HVB3YNVIP4K4BOJEEP3T8MJHWOVDLIF',326736162,310484255,TimeStamp('2007-09-02-14.14.00'),TimeStamp('2007-09-02-14.14.00'));
INSERT INTO PrivateMessage VALUES(826138215,'A7I1D609SAOJDHO2J4ZEI7FYWMVNR5KAR7SBYP6L4OKJQKQC58',326736162,310484255,TimeStamp('2009-06-17-04.09.00'),TimeStamp('2009-06-17-04.09.00'));
INSERT INTO PrivateMessage VALUES(904844463,'SHNISG9MRVLRXJJX47992PNTTJZXONNKOFYPHIJFZ6BOOLNPQD',326736162,310484255,TimeStamp('2019-07-14-20.00.00'),TimeStamp('2019-07-14-20.00.00'));
INSERT INTO PrivateMessage VALUES(497788537,'ZFI3E0DAO8MTZBKOPRQPVY6YXMT80XUMGNOT8KMQANFWR7EGYQ',326736162,310484255,TimeStamp('2018-02-27-11.29.00'),TimeStamp('2018-02-27-11.29.00'));
INSERT INTO PrivateMessage VALUES(58915547,'WSHUH0FGTE4S7YSNJEKSU4WLAUD30ESWZYEMK94H5NIDL81QH1',326736162,310484255,TimeStamp('2018-12-26-06.38.00'),TimeStamp('2018-12-26-06.38.00'));
INSERT INTO PrivateMessage VALUES(974992549,'GGQFBN3Z48EHSSXVUD263OELNJR8G0JGL1GI7ZGCQ9YMC2Q4F2',326736162,310484255,TimeStamp('2014-04-13-12.29.00'),TimeStamp('2014-04-13-12.29.00'));
INSERT INTO PrivateMessage VALUES(481312220,'6N2SWIWZVO6UTJI8HJE9KIU2ILDYMT0CIDZE3JLE9VLQMBBMSF',326736162,310484255,TimeStamp('2005-08-26-04.24.00'),TimeStamp('2005-08-26-04.24.00'));
INSERT INTO PrivateMessage VALUES(504236504,'JUDE5YH64STF00T3HUM7VHDYT4R8HDDHOPCQ49NL4MSMUKCDBX',326736162,310484255,TimeStamp('2019-04-04-20.59.00'),TimeStamp('2019-04-04-20.59.00'));
INSERT INTO PrivateMessage VALUES(789378008,'ZRL5SMDZ5ED3ZUE2KKR7FFBWIBS49VJCNPUHK3SJLKATY55ILD',326736162,310484255,TimeStamp('2016-06-13-13.16.00'),TimeStamp('2016-06-13-13.16.00'));
INSERT INTO PrivateMessage VALUES(289227887,'Y7AP3FWGHZU6ZC86BBZBUITY06TGSTFOFIVIPTKZFON2KKMHLP',326736162,310484255,TimeStamp('2010-01-20-10.09.00'),TimeStamp('2010-01-20-10.09.00'));
INSERT INTO PrivateMessage VALUES(279352229,'69PVNT1U14BTJEI1VFMPWRBUHX4GE883X4GKI4NK10H7QGX9TM',326736162,310484255,TimeStamp('2005-06-07-06.17.00'),TimeStamp('2005-06-07-06.17.00'));
INSERT INTO PrivateMessage VALUES(947804297,'XOSTKA4PFUIPKNY58ZWU45BCES4WZFBOGGU9BWAX8DMEWVK0WY',326736162,310484255,TimeStamp('2008-09-26-06.41.00'),TimeStamp('2008-09-26-06.41.00'));
INSERT INTO PrivateMessage VALUES(800645158,'WGP1RVGO0B83WTR95VLTSOH5PCMU7AB0C6EACS7EODQ43J0125',326736162,310484255,TimeStamp('2018-01-04-00.35.00'),TimeStamp('2018-01-04-00.35.00'));
INSERT INTO PrivateMessage VALUES(642322095,'CZ96ELI57108C64FAACJ2VIMGGTRCRRWMWYG0MGVEE9HB8I9B0',326736162,310484255,TimeStamp('2018-11-14-03.36.00'),TimeStamp('2018-11-14-03.36.00'));
INSERT INTO PrivateMessage VALUES(410657369,'EVU1TIUMRFP2OKPD8NXU6CCZHFLBZKAVF2HBYSD79LNLXY0TK5',209990282,326736162,TimeStamp('2005-02-02-08.05.00'),TimeStamp('2005-02-02-08.05.00'));
INSERT INTO PrivateMessage VALUES(581534960,'IDNHZMM3AYND8TDIILJ1I6D86PRY2GJNB6Q80UOQ3S6IMOW4ZO',326736162,209990282,TimeStamp('2007-01-15-21.44.00'),TimeStamp('2007-01-15-21.44.00'));
INSERT INTO PrivateMessage VALUES(479958016,'56AW5CFAWDNBQT4GB1LFUJZ4GP4BYREAWEQXHQCM9J26P1NHDD',326736162,209990282,TimeStamp('2005-12-19-17.50.00'),TimeStamp('2005-12-19-17.50.00'));
INSERT INTO PrivateMessage VALUES(516430525,'078O0USNA5OAKESM7IXA9WBF7ASVVSOCTS8YSE6XQSN4S6AZMF',326736162,209990282,TimeStamp('2011-10-14-11.25.00'),TimeStamp('2011-10-14-11.25.00'));
INSERT INTO PrivateMessage VALUES(637282466,'A77ZVFVNWHI2H8VH7JP4T53L6AGDYO4FAQEFW7U9FYAXFM2VZP',326736162,209990282,TimeStamp('2003-07-07-21.24.00'),TimeStamp('2003-07-07-21.24.00'));
INSERT INTO PrivateMessage VALUES(321089362,'Z8ZZNPIRSKZBO9PNVGP0M1IYF371PO2W89EPSJ46LVBM2I66X3',326736162,209990282,TimeStamp('2005-12-11-20.07.00'),TimeStamp('2005-12-11-20.07.00'));
INSERT INTO PrivateMessage VALUES(409631151,'PFI7WVU0SI0JKST7ZA0MC30L0A48GLUAXZ5TFXWMI8GRMZYDEV',326736162,209990282,TimeStamp('2010-12-11-14.24.00'),TimeStamp('2010-12-11-14.24.00'));
INSERT INTO PrivateMessage VALUES(696879124,'5ZPP7IFJ9AORATHM81T2KXP4VAZ0CDQB0WL4U4WP50BAQO6N0O',326736162,209990282,TimeStamp('2006-06-11-14.09.00'),TimeStamp('2006-06-11-14.09.00'));
INSERT INTO PrivateMessage VALUES(743130334,'CRSXTON3ZJL1UCKJF3MN61MFE9C0EJ7S6WGRSBGYO1LXVNI1QR',326736162,209990282,TimeStamp('2004-06-19-05.06.00'),TimeStamp('2004-06-19-05.06.00'));
INSERT INTO PrivateMessage VALUES(638740108,'BPVLHOW9BDCAFPE1VG3UTTPE1J3LM1B6H1KZKMAMZGW0DE9847',326736162,209990282,TimeStamp('2012-01-25-10.28.00'),TimeStamp('2012-01-25-10.28.00'));
INSERT INTO PrivateMessage VALUES(580529004,'DRUJFLLEW801CLY01UN2TJSWD1XK7Q9YKDTPAM2V1NMLP47PCA',326736162,209990282,TimeStamp('2007-01-11-12.27.00'),TimeStamp('2007-01-11-12.27.00'));
INSERT INTO PrivateMessage VALUES(299987827,'63E1VJAX6G9USEKP5VENMK0T1DU3AC4WZ9OGQU3DI6PGUHVF3N',326736162,209990282,TimeStamp('2004-03-22-04.34.00'),TimeStamp('2004-03-22-04.34.00'));
INSERT INTO PrivateMessage VALUES(204979468,'9KK5OHG9HLNW2FV2POAWOYVWEF0GT4HSGM8RY42LY430YM7WYL',326736162,209990282,TimeStamp('2015-12-09-15.36.00'),TimeStamp('2015-12-09-15.36.00'));
INSERT INTO PrivateMessage VALUES(719881739,'AVC657CWP2H1E39K0Y5CVDD2COERCQQS65EBTP6TX66TK9760B',326736162,209990282,TimeStamp('2000-09-16-02.23.00'),TimeStamp('2000-09-16-02.23.00'));
INSERT INTO PrivateMessage VALUES(657245974,'NV91ZD0T36XOZKFCZRXQF2YBU2EYUABAUKK6IQ1OR3Q1G1W7LL',326736162,209990282,TimeStamp('2001-07-15-00.55.00'),TimeStamp('2001-07-15-00.55.00'));
INSERT INTO PrivateMessage VALUES(567376562,'U6W59X5AAELP20DT5A8JH0AX3YDGPPWFQX82R7XYYQAPWNU7CQ',326736162,209990282,TimeStamp('2016-11-11-22.20.00'),TimeStamp('2016-11-11-22.20.00'));
INSERT INTO PrivateMessage VALUES(321042135,'KO4ON4PRRK9EXIIRP4INDZ9Q36ICHHWUV8S6U5OCO0LXEL4GQV',326736162,209990282,TimeStamp('2005-06-12-08.48.00'),TimeStamp('2005-06-12-08.48.00'));
INSERT INTO PrivateMessage VALUES(179374073,'L1AU36A1DYERIDM46A04FY20T2UQZ95ET7U0XLVRL449OCQY7V',326736162,209990282,TimeStamp('2019-10-14-10.38.00'),TimeStamp('2019-10-14-10.38.00'));
INSERT INTO PrivateMessage VALUES(83931498,'3EM07EVGLXHJCR12HI3QD6DU9VJ3R8I8J12H6K6R7TW4LL07KH',310484255,508739761,TimeStamp('2018-11-25-11.23.00'),TimeStamp('2018-11-25-11.23.00'));
INSERT INTO PrivateMessage VALUES(112023258,'BSL46O5X615U3NVZ7P132O8DJFY8V7FBX2CQ19SBZ7QXDGAIW2',508739761,310484255,TimeStamp('2012-08-04-18.28.00'),TimeStamp('2012-08-04-18.28.00'));
INSERT INTO PrivateMessage VALUES(822509971,'W64I47V5NK146LF5DU10ZRKZI8LC3UHQBRITTWUEPGKH2QTY51',508739761,310484255,TimeStamp('2005-04-13-02.29.00'),TimeStamp('2005-04-13-02.29.00'));
INSERT INTO PrivateMessage VALUES(772923049,'9KMV3WSNLK1RVWHCTWWRO2H7Z1X3CDXXL3O2AW3UYZ5O7NRG78',508739761,310484255,TimeStamp('2005-11-18-00.23.00'),TimeStamp('2005-11-18-00.23.00'));
INSERT INTO PrivateMessage VALUES(161260485,'L1K5IZGF6K53VCGZVZGYD634KJHBTG7DT4UBCNOP1Y77B0L62E',508739761,310484255,TimeStamp('2008-11-26-13.41.00'),TimeStamp('2008-11-26-13.41.00'));
INSERT INTO PrivateMessage VALUES(429790353,'BBFL8K6C9CH77JCV3K57S0MN0NEE5Q9SQ0JYSPJ0Q3SKBCOIHB',508739761,310484255,TimeStamp('2015-10-24-19.45.00'),TimeStamp('2015-10-24-19.45.00'));
INSERT INTO PrivateMessage VALUES(1060115331,'IPYV5MDI4PDPNOY6L3CDY4DUOFKW4EUUOA0F3F5BQENUOKDTQC',508739761,310484255,TimeStamp('2005-06-10-14.30.00'),TimeStamp('2005-06-10-14.30.00'));
INSERT INTO PrivateMessage VALUES(494280959,'C27C6PVIEF6ZG2PMVZ89RVSYYES5SNV6SZUXAG6L8G2ER6SKVM',508739761,310484255,TimeStamp('2003-06-07-19.04.00'),TimeStamp('2003-06-07-19.04.00'));
INSERT INTO PrivateMessage VALUES(840740907,'ZOCNGDE7KZLVPG7Y8USMAC4DD0B17S1BEM0O3DB1ANWO3UN063',508739761,310484255,TimeStamp('2016-08-28-16.01.00'),TimeStamp('2016-08-28-16.01.00'));
INSERT INTO PrivateMessage VALUES(529271785,'JGEKYL5H1B2X8VCK1E767D42QKAFHFWK2E1WSIW70TYX8CB2OL',508739761,310484255,TimeStamp('2009-07-28-20.11.00'),TimeStamp('2009-07-28-20.11.00'));
INSERT INTO PrivateMessage VALUES(1009696358,'DGHDW9TOMIKYNE81OGGVSZYDST27ZLRHPA0G80T0PLOW9S51EH',508739761,310484255,TimeStamp('2004-09-16-09.26.00'),TimeStamp('2004-09-16-09.26.00'));
INSERT INTO PrivateMessage VALUES(658425628,'JDTEM6SXGMG733J7KXNK3VPSCENDLOOPZMTH1AP3LCR3SPQTIG',508739761,310484255,TimeStamp('2002-12-03-09.14.00'),TimeStamp('2002-12-03-09.14.00'));
INSERT INTO PrivateMessage VALUES(76608764,'MW8LQQTGKP6K06QSYFDACSR46QDJ0KA44VYOJG0SRO14C2AXFO',508739761,310484255,TimeStamp('2013-02-27-05.44.00'),TimeStamp('2013-02-27-05.44.00'));
INSERT INTO PrivateMessage VALUES(668626581,'O3NXV773Y1LEP7QR1GUSZZ0O6T132NNO4V34NM7EAT86GFE6S6',508739761,310484255,TimeStamp('2011-11-22-04.59.00'),TimeStamp('2011-11-22-04.59.00'));
INSERT INTO PrivateMessage VALUES(456403945,'TDIMPPP5SO0VK9OO90ZFCOD2YWBKFB942FGOEEEOKBGCCNVJRW',508739761,310484255,TimeStamp('2011-08-14-10.55.00'),TimeStamp('2011-08-14-10.55.00'));
INSERT INTO PrivateMessage VALUES(143445104,'DO8DWNW3VAEC2MZWOGSHX1IRL9EBKZBIPG4ZNXK4XXO1UKK8SJ',508739761,310484255,TimeStamp('2016-06-22-02.45.00'),TimeStamp('2016-06-22-02.45.00'));
INSERT INTO PrivateMessage VALUES(152566871,'9PK86JFPZVG38UN3YADTT9BCRKM12RISRP72H5Q6QQ9HNAIMRY',508739761,310484255,TimeStamp('2012-08-21-16.37.00'),TimeStamp('2012-08-21-16.37.00'));
INSERT INTO PrivateMessage VALUES(852004568,'YV2GZKGOV5U9F21YBQ4P1YEDUW1PECPTNL683L5S0CY48WAM0K',508739761,310484255,TimeStamp('2011-02-25-11.51.00'),TimeStamp('2011-02-25-11.51.00'));
INSERT INTO PrivateMessage VALUES(749720513,'7M524T3P3RB8KN3EBKW7DJF4A1DKQ7UWSXNTEQMRYIU84HOWCO',508739761,310484255,TimeStamp('2000-02-01-23.58.00'),TimeStamp('2000-02-01-23.58.00'));
INSERT INTO PrivateMessage VALUES(141646183,'4SJ4KTJZ4H3MPSTU6SQR3RCCFZ2BTYR8N9AJ6CYUPLLIMAC8BY',508739761,310484255,TimeStamp('2006-06-11-03.08.00'),TimeStamp('2006-06-11-03.08.00'));
INSERT INTO PrivateMessage VALUES(162507196,'BHCJYWJDVPA9OC5UV8IUSJ81M51QFHVCDQMP4FIZD3R40ARJ4S',508739761,310484255,TimeStamp('2009-12-11-21.03.00'),TimeStamp('2009-12-11-21.03.00'));
INSERT INTO PrivateMessage VALUES(427741018,'05UTS9VOQYATCBJ84DHINT97BVRC52MZ6UNKLPFC99GD8DWB76',508739761,310484255,TimeStamp('2009-07-28-03.29.00'),TimeStamp('2009-07-28-03.29.00'));
INSERT INTO PrivateMessage VALUES(733199531,'RTGKYYC47IMPNMZPDVWBHBP480VSHBJE59AF85QLRNKCNMW4KI',508739761,310484255,TimeStamp('2019-02-26-09.01.00'),TimeStamp('2019-02-26-09.01.00'));
INSERT INTO PrivateMessage VALUES(45576203,'M6ULXVPN26PWX3457C9OUYT5WDV0J3BXDA7LMDYOEPL8TCF2OK',508739761,310484255,TimeStamp('2001-11-12-12.28.00'),TimeStamp('2001-11-12-12.28.00'));
INSERT INTO PrivateMessage VALUES(204829714,'3HCYCP0K5U1ZCN4Z05P5I2JYHM8MSHAL083W0QIT9HEI1OMELG',508739761,310484255,TimeStamp('2003-11-22-11.51.00'),TimeStamp('2003-11-22-11.51.00'));
INSERT INTO PrivateMessage VALUES(949612103,'64HYMJ5FDO9Q4JFCVVT3KXVW4FBU79AL0J40XWCX6NTUA4A9FT',508739761,310484255,TimeStamp('2001-10-01-20.18.00'),TimeStamp('2001-10-01-20.18.00'));
INSERT INTO PrivateMessage VALUES(72025609,'IEKTEKL4PLDMI92ELNIZ3NC0OQPXMCJUL6D8VA9JQK4V9UPM1E',508739761,310484255,TimeStamp('2008-05-19-18.49.00'),TimeStamp('2008-05-19-18.49.00'));
INSERT INTO PrivateMessage VALUES(60047273,'SR0Y8YUGQFT6CZF8NTULCVDM30CC2H888RS4UUV1Q2B50FYJWW',508739761,310484255,TimeStamp('2007-03-21-21.26.00'),TimeStamp('2007-03-21-21.26.00'));
INSERT INTO PrivateMessage VALUES(1057030409,'5E6L10BHLNGGPJ7ALV7K2XE3JFBHZFPIBM5MHSSJH0LBB5OKW0',508739761,310484255,TimeStamp('2008-07-06-04.46.00'),TimeStamp('2008-07-06-04.46.00'));
INSERT INTO PrivateMessage VALUES(364570229,'YINGEN0VPWDL3VKIYQ57VM3S9ENRJTY6XJYQE0QMPXT7QBPSYQ',326736162,544404605,TimeStamp('2012-09-12-07.20.00'),TimeStamp('2012-09-12-07.20.00'));
INSERT INTO PrivateMessage VALUES(783855565,'S152EIWOLNS7UITMQKGDA60XFFCQ202WRLJDDB48WCLVA8IRTK',544404605,326736162,TimeStamp('2001-05-05-18.20.00'),TimeStamp('2001-05-05-18.20.00'));
INSERT INTO PrivateMessage VALUES(925853738,'09BBT9ENGCZHCBBT39XBFDOP2XMIF31SE6W26FKWONOIJDD7CK',544404605,326736162,TimeStamp('2014-12-13-05.06.00'),TimeStamp('2014-12-13-05.06.00'));
INSERT INTO PrivateMessage VALUES(483485926,'373QIDOYDL1KUI3AZWAKWIMPTLFOEIEWW7IULNWH8B7NJBOWUL',544404605,326736162,TimeStamp('2010-04-06-10.08.00'),TimeStamp('2010-04-06-10.08.00'));
INSERT INTO PrivateMessage VALUES(853066381,'NE0K2T6ZN8440OHXJOPMEQ0QALFQUO11THQXXHW651RFEB0J3E',544404605,326736162,TimeStamp('2015-07-12-10.05.00'),TimeStamp('2015-07-12-10.05.00'));
INSERT INTO PrivateMessage VALUES(682231404,'LFIFSA1DWVU23CI8JI2GWCHQMVWQZCZDLB1XJO5P94R2KKANQZ',544404605,326736162,TimeStamp('2006-07-13-05.12.00'),TimeStamp('2006-07-13-05.12.00'));
INSERT INTO PrivateMessage VALUES(378336686,'3MHYDBV5Q8GOME7DCFBD10TESSLS6Z58VVWN9X5S5PGCR8SCYN',544404605,326736162,TimeStamp('2003-09-09-03.18.00'),TimeStamp('2003-09-09-03.18.00'));

INSERT INTO Like VALUES(209990282,628981053);
INSERT INTO Like VALUES(209990282,83177513);
INSERT INTO Like VALUES(209990282,551830927);
INSERT INTO Like VALUES(739699897,937650378);
INSERT INTO Like VALUES(739699897,673664208);
INSERT INTO Like VALUES(739699897,1044985379);
INSERT INTO Like VALUES(599139388,867406788);
INSERT INTO Like VALUES(599139388,663614670);
INSERT INTO Like VALUES(599139388,83177513);
INSERT INTO Like VALUES(854480438,551830927);
INSERT INTO Like VALUES(854480438,663614670);
INSERT INTO Like VALUES(854480438,74407124);
INSERT INTO Like VALUES(310484255,937650378);
INSERT INTO Like VALUES(310484255,596038220);
INSERT INTO Like VALUES(310484255,1044985379);
INSERT INTO Like VALUES(326736162,299544511);
INSERT INTO Like VALUES(326736162,880228380);
INSERT INTO Like VALUES(326736162,900548354);
INSERT INTO Like VALUES(544404605,839245204);
INSERT INTO Like VALUES(544404605,607625708);
INSERT INTO Like VALUES(544404605,937650378);
INSERT INTO Like VALUES(873409324,734573976);
INSERT INTO Like VALUES(873409324,478739691);
INSERT INTO Like VALUES(873409324,720778422);
INSERT INTO Like VALUES(508739761,734573976);
INSERT INTO Like VALUES(508739761,839245204);
INSERT INTO Like VALUES(508739761,607625708);
INSERT INTO Like VALUES(218767304,982812860);
INSERT INTO Like VALUES(218767304,452059189);
INSERT INTO Like VALUES(218767304,382063710);

--ADD NEW INSERTS HERE


INSERT INTO PAGEOWNER Values(0,'USER TEST 1', 'public', 0);
INSERT INTO User Values(0, 'Alex Oxorn', (Values current date), 'alex.oxorn@gmail.com', 'ALEXANDER');

INSERT INTO PAGEOWNER Values(1,'USER TEST 2', 'friends', 1);
INSERT INTO User Values(1, 'Olivia Strahan', (Values current date), 'rheala113@gmail.com', 'OLIVIA');

INSERT INTO PAGEOWNER Values(2,'USER TEST 3', 'private', 2);
INSERT INTO User Values(2, 'Nathan Palmer', (Values current date), 'ntp@gmail.com', 'ALEXANDER');

INSERT INTO PAGEOWNER Values(3,'USER TEST 4', 'private', 3);
INSERT INTO User Values(3, 'Cool Guy', (Values current date), 'cgE@gmail.com', 'EXTRA');

INSERT INTO PAGEOWNER Values(4,'GROUP TEST 1', 'public', 4);
INSERT INTO Group Values(4, 'CompSci', 0);

INSERT INTO PAGEOWNER Values(5,'GROUP TEST 2', 'friends', 5);
INSERT INTO Group Values(5, 'CBC', 0);

INSERT INTO MemberOF Values(0,4);
INSERT INTO MemberOF Values(1,4);
INSERT INTO MemberOF Values(3,4);

INSERT INTO PAGEOWNER Values(6,'Event TEST', 'public', 6);
INSERT INTO Event Values(6, 'Hackathon', TIMESTAMP('2019-03-15-18.00.00') ,'Trotier Building', 1);

INSERT INTO MemberOF Values(0,5);
INSERT INTO MemberOF Values(2,5);
INSERT INTO MemberOF Values(3,5);

INSERT INTO Administers VALUEs(0,5);
INSERT INTO Administers VALUEs(2,5);

INSERT INTO GoingTo Values(0,6);
INSERT INTO GoingTo Values(1,6);
INSERT INTO GoingTo Values(2,6);

INSERT INTO FRIENDS VALUES (0, 1, (Values current date));
INSERT INTO FRIENDS VALUES (0, 2, (Values current date));
INSERT INTO FRIENDS VALUES (3, 2, (Values current date));
INSERT INTO FRIENDS VALUES (3, 1, (Values current date));

INSERT INTO POST VALUES (0, (VALUES current TIMESTAMP), 'Im super hyped about the competition #humblebrag', 1, 6, NULL);
INSERT INTO POST VALUES (1, (VALUES current TIMESTAMP), 'This person thinks highly of themselves', 3, 3, 0);

INSERT INTO POST VALUES (2, (VALUES current TIMESTAMP), 'A public reminder that the hackathong is this tuesday', 0, 4, NULL);

INSERT INTO TAG VALUES('humblebrag');
INSERT INTO ContainsTag VALUES(0, 'humblebrag');

INSERT INTO Comment VALUES (0, (VALUES current TIMESTAMP), 'Your one to talk', 1, 0, NULL);
INSERT INTO Comment VALUES (1, (VALUES current TIMESTAMP), 'Shut up', 1, 3, 0);

INSERT INTO PrivateMessage VALUES (0,'I Love you',3,2, (VALUES current TIMESTAMP), NULL);
INSERT INTO PrivateMessage VALUES (1,'I dont feel the same',2,3, (VALUES current TIMESTAMP), (VALUES current TIMESTAMP));

INSERT INTO Like VALUES (2, 0);

--SELECT * 
--from privatemessage p
--where ((p.sender = 854480438 AND p.receiver = 873409324) OR (p.receiver = 854480438 AND p.sender = 873409324))
--order by p.datesent;
